Gluten Content (%),Dough Elasticity Index,Dampening Time (hours),Package Weight (g),Ash content (%),Moisture (%),Starch Content (%),Package Volume (cm3),Proteins (g)/100g,Quality,Production Recipe_1.0,Production Recipe_2.0,Production Recipe_3.0,Production Recipe_4.0,Production Recipe_5.0
11.59,27.179,44.0,802.367,1.87,14.04,53.66,1000.856071,11.97,Low,False,False,False,True,False
10.64,43.688,35.0,798.402,1.74,14.17,57.16,998.1193796,10.29,Average,False,True,False,False,False
9.26,45.137,28.0,798.878,1.76,13.95,58.48,1000.935711,9.88,Average,True,False,False,False,False
10.35,44.002,37.0,807.214,1.62,14.2,56.13,1000.256886,10.74,Average,False,False,False,True,False
11.22,39.341,18.0,802.914,1.76,14.17,53.27,1000.430597,11.63,Average,False,True,False,False,False
11.3,49.654,43.0,793.819,1.68,14.57,54.95,999.042136,11.83,Average,False,False,True,False,False
9.63,48.159,56.0,794.61,1.6,14.55,59.92,1001.155461,9.25,Average,False,True,False,False,False
11.44,38.001,37.0,799.263,1.71,14.66,52.56,999.1964326,12.0,Low,False,False,False,False,True
10.06,46.512,41.0,804.53,1.63,14.09,59.67,1000.230836,9.49,Average,False,False,True,False,False
10.06,46.774,45.0,804.849,1.66,14.24,57.59,998.4247266,9.43,Average,True,False,False,False,False
9.84,48.546,34.0,797.463,1.67,14.81,57.9,999.16315,10.17,Average,False,False,False,True,False
9.92,63.869,32.0,796.495,1.66,14.44,56.99,999.0610831,10.65,Average,False,False,False,True,False
11.08,37.819,37.0,799.983,1.91,14.35,55.7,998.9874522,11.45,Low,True,False,False,False,False
10.57,41.935,48.0,800.387,1.74,14.35,58.0,999.4926486,9.93,Average,False,False,False,False,True
8.68,53.968,34.0,792.938,1.76,14.17,58.53,1000.167309,9.2,Average,True,False,False,False,False
10.93,36.989,50.0,801.781,1.67,14.09,55.39,1000.124907,11.47,Average,True,False,False,False,False
12.02,28.54,62.0,794.164,1.82,14.39,54.5,1000.594051,11.87,Low,False,False,True,False,False
10.93,38.524,51.0,803.118,1.71,14.2,57.07,999.5787985,10.39,Average,True,False,False,False,False
10.64,43.964,38.0,802.292,1.72,14.52,57.89,1000.762503,10.18,Average,True,False,False,False,False
10.35,44.115,37.0,802.655,1.7,14.87,55.52,1000.10761,10.7,Low,False,False,True,False,False
11.08,35.679,42.0,800.494,1.74,14.06,56.83,998.5187845,10.71,Average,False,False,True,False,False
10.64,36.031,42.0,803.718,1.85,13.98,55.68,999.2216806,10.21,Low,False,False,False,True,False
11.3,43.559,23.0,798.701,1.8,14.81,53.44,998.4930848,11.8,Average,False,False,True,False,False
10.13,43.619,29.0,804.017,1.7,14.72,56.52,999.5934232,9.68,Average,False,False,True,False,False
10.42,37.797,39.0,801.467,1.88,14.11,56.37,999.7328526,10.79,Low,False,False,True,False,False
11.22,35.03,20.0,798.616,1.78,14.22,54.17,998.3870731,11.8,Average,False,False,False,False,True
8.9,41.873,54.0,803.81,1.88,14.13,58.98,1001.547155,8.55,Low,True,False,False,False,False
9.7,57.808,39.0,809.169,1.71,14.09,59.19,1001.577927,9.29,Low,False,False,False,True,False
11.22,39.083,45.0,799.769,1.73,14.77,52.9,999.8292373,11.63,Low,True,False,False,False,False
10.21,31.071,39.0,798.109,1.7,14.41,58.59,998.8615723,9.59,Low,False,False,False,False,True
9.48,49.178,31.0,799.541,1.71,14.13,58.52,999.5436422,10.05,Average,False,False,True,False,False
10.93,45.862,39.0,800.015,1.71,14.13,56.0,1000.136052,10.8,Average,False,False,True,False,False
9.33,46.647,44.0,802.398,1.94,14.28,59.02,999.787469,10.14,Low,False,False,True,False,False
9.12,43.119,33.0,800.65,1.71,14.92,57.78,1000.929804,8.88,Average,False,False,False,False,True
10.93,41.727,37.0,800.146,1.75,14.44,54.49,999.1918579,11.48,Average,False,False,False,True,False
10.28,38.618,36.0,804.421,1.71,14.33,55.98,1001.200052,10.64,Low,True,False,False,False,False
10.35,43.267,58.0,794.805,1.67,14.35,55.82,1000.282564,10.76,Average,True,False,False,False,False
9.19,25.998,33.0,804.485,1.74,14.13,60.15,1000.175572,9.29,High,False,True,False,False,False
11.01,37.184,61.0,800.672,1.92,14.11,53.93,998.7408484,11.07,Low,False,True,False,False,False
11.08,42.116,38.0,795.727,1.69,14.04,55.78,999.2102491,11.14,Average,False,False,False,True,False
10.42,46.002,43.0,797.363,1.74,14.06,55.37,1000.150435,10.59,Average,False,False,True,False,False
9.55,54.667,36.0,796.902,1.78,14.17,58.64,1001.803435,9.82,Average,False,False,False,False,True
10.93,30.834,49.0,801.739,1.73,14.2,55.39,1000.072436,11.5,Average,False,False,False,False,True
9.92,48.742,47.0,800.303,1.78,14.06,55.84,1000.49648,10.52,Average,False,True,False,False,False
10.13,45.398,44.0,803.38,1.74,14.3,55.97,999.9051938,10.72,Average,False,False,True,False,False
8.83,47.304,37.0,799.431,2.0,14.22,60.87,1000.516398,9.07,Low,True,False,False,False,False
9.12,48.876,50.0,795.574,1.7,14.39,57.7,999.0186664,9.71,Average,False,False,False,False,True
11.08,35.812,39.0,794.264,1.73,14.26,54.28,999.6014126,11.36,Low,False,False,False,False,True
11.01,37.571,28.0,802.228,1.66,14.39,55.82,1000.682759,11.34,Average,False,False,False,True,False
9.77,48.232,59.0,797.12,1.81,14.2,56.0,998.7342536,10.42,High,False,True,False,False,False
10.28,42.224,48.0,799.419,1.68,14.13,55.9,1000.501941,10.71,Average,True,False,False,False,False
9.63,45.176,26.0,798.099,1.7,14.74,58.86,1001.073837,8.99,Average,False,False,True,False,False
10.86,39.881,22.0,796.905,1.65,14.46,54.98,1000.689459,10.3,Low,True,False,False,False,False
10.13,38.296,46.0,808.647,1.75,14.04,58.6,999.8329349,9.88,Average,False,False,False,True,False
9.77,27.146,23.0,801.46,1.9,14.24,56.28,999.7239551,9.97,Average,False,True,False,False,False
10.79,42.093,23.0,797.245,1.67,14.66,57.05,1001.116321,10.31,Low,False,True,False,False,False
10.5,33.311,37.0,797.273,1.78,14.79,54.44,1001.152227,11.04,Low,False,False,False,True,False
9.41,56.704,40.970511708586294,803.856,1.78,14.09,58.05,1000.497477,10.08,Average,True,False,False,False,False
10.57,41.616,29.0,800.302,1.67,14.26,55.68,1000.495158,10.98,Average,False,False,True,False,False
9.63,43.764,46.0,801.746,1.87,14.2,58.59,1000.081082,10.24,Low,False,False,True,False,False
12.39,20.481,51.0,800.005,1.69,14.52,52.88,999.0158165,12.18,Low,False,False,False,True,False
9.7,35.067,40.0,797.412,1.9,14.17,57.59,997.9898655,9.59,Low,False,False,False,False,True
10.06,47.275,37.0,798.513,1.95,14.24,57.07,999.3681453,10.09,Low,False,True,False,False,False
9.92,45.66,56.0,800.482,1.7,14.0,57.13,1001.832461,9.93,Average,False,False,False,True,False
12.1,31.298,49.0,807.272,1.87,14.44,52.88,1001.429909,11.32,Low,True,False,False,False,False
10.21,54.866,39.0,809.457,1.68,14.15,57.32,999.7368961,10.88,Average,False,False,True,False,False
10.42,44.1,31.0,799.259,1.72,14.13,57.58,1000.301119,11.01,Average,True,False,False,False,False
9.84,40.53,61.0,799.094,1.78,13.98,59.05,1000.094885,9.72,Average,True,False,False,False,False
11.08,34.903,45.0,799.665,1.79,14.09,56.06,998.5911914,10.44,Average,False,False,False,True,False
10.64,17.9,44.0,799.633,1.86,14.52,55.46,998.5513731,10.05,Low,True,False,False,False,False
10.5,43.2,37.0,800.438,1.62,14.57,54.98,1001.776806,11.12,Low,False,False,False,False,True
10.86,42.862,54.0,790.351,1.72,14.22,55.27,999.141619,10.53,Average,False,False,False,True,False
11.95,24.518,38.0,806.474,1.81,14.5,55.4,999.3393017,11.2,Low,True,False,False,False,False
12.1,31.174,37.0,804.771,1.79,14.44,53.26,1001.63625,12.52,Low,False,False,False,False,True
10.13,48.244,55.0,803.517,1.69,14.09,58.72,1000.076058,10.23,Average,False,False,False,False,True
10.35,46.038,17.0,798.852,1.8,14.15,56.14,1000.904042,10.55,Low,False,True,False,False,False
10.93,25.805,60.0,799.342,1.82,14.57,55.11,1000.404693,10.6,Average,False,False,False,False,True
10.86,32.548,55.0,799.535,1.72,14.11,55.67,1000.646807,10.5,Average,False,False,False,False,True
11.73,30.005,59.0,802.705,1.71,14.72,53.33,1000.169723,10.94,Low,True,False,False,False,False
10.28,50.287,40.970511708586294,802.211,1.79,14.39,57.39,1000.660718,10.64,Average,True,False,False,False,False
9.92,50.152,51.0,801.356,1.71,14.15,57.81,1000.701789,10.64,Average,True,False,False,False,False
9.84,38.19,36.0,803.312,1.83,14.02,59.63,999.8205792,9.57,Average,False,True,False,False,False
9.26,50.116,50.0,802.268,1.72,14.35,59.63,1000.731439,8.71,Average,False,False,False,False,True
9.63,33.703,61.0,801.192,1.78,14.24,59.17,999.3895288,10.05,Average,False,False,False,False,True
9.63,45.92,46.0,797.458,1.72,14.26,59.08,999.1570252,9.97,Average,False,False,False,True,False
9.7,44.402,50.0,803.296,1.74,14.41,57.76,999.8001627,9.63,Average,False,False,False,False,True
11.15,39.468,22.0,803.086,1.76,14.04,54.18,999.538564,11.17,Average,True,False,False,False,False
10.13,63.431,28.0,797.591,1.76,14.3,57.57,1001.551886,10.06,Average,False,False,True,False,False
11.3,56.526,44.0,797.507,1.66,14.04,55.72,998.1084197,10.9,Average,False,False,False,True,False
11.73,39.353,46.0,792.832,1.72,14.24,54.61,998.9160923,11.77,Low,False,True,False,False,False
10.57,42.733,61.0,800.194,1.83,14.74,56.9,1000.359985,9.98,Low,False,False,False,False,True
11.95,37.603,37.0,801.039,1.83,14.26,54.89,1000.306516,11.61,Average,False,True,False,False,False
10.13,45.457,49.0,796.872,1.75,14.33,56.94,999.5347516,10.5,Low,False,False,False,False,True
10.72,41.306,41.0,801.48,1.74,14.17,57.4,1000.856979,10.23,Average,False,True,False,False,False
11.15,33.677,22.0,805.69,1.79,14.2,54.9,1000.569451,10.87,Average,False,True,False,False,False
10.93,40.959,33.0,800.032,1.71,14.11,54.2,1000.15752,11.25,Average,False,False,False,False,True
11.01,36.184,35.0,801.309,1.74,14.17,54.89,1000.644084,10.34,Average,False,True,False,False,False
11.44,37.023,37.0,799.473,1.72,14.37,54.67,1000.568634,10.72,Average,False,False,False,False,True
9.84,38.105,27.0,790.225,1.72,14.68,59.29,1000.104195,9.34,Low,False,False,False,False,True
10.57,43.175,44.0,799.019,1.83,14.57,57.2,1000.000814,10.16,Low,False,False,False,False,True
10.35,43.955,39.0,804.962,1.67,14.55,57.8,1000.768096,10.09,Low,False,False,True,False,False
11.08,35.506,49.0,801.869,1.8,14.04,54.88,1001.343451,11.32,Average,True,False,False,False,False
9.19,41.318,36.0,797.126,1.76,14.15,57.45,999.8524858,9.83,Average,True,False,False,False,False
12.02,33.182,49.0,799.848,1.72,14.11,54.28,1001.038655,12.14,Average,False,False,True,False,False
9.26,48.812,24.0,797.386,1.73,13.98,60.15,1000.17915,9.45,Average,False,False,False,False,True
10.79,35.241,45.0,795.002,1.68,14.17,54.45,999.4138666,11.2,Average,True,False,False,False,False
9.92,61.409,49.0,800.847,1.9,14.13,58.41,1001.17625,10.06,Low,True,False,False,False,False
9.48,41.944,33.0,798.98,1.64,14.35,56.96,998.8419969,10.26,Average,False,False,False,True,False
11.73,30.064,55.0,801.186,1.85,14.72,54.46,1001.599688,11.56,Low,False,False,True,False,False
11.15,31.841,31.0,801.64,1.76,14.72,54.1,998.842955,11.29,Low,True,False,False,False,False
9.19,34.132,43.0,803.291,1.75,14.11,58.97,1000.900004,8.9,Average,False,True,False,False,False
10.13,49.832,59.0,804.317,1.62,14.09,56.89,1001.071223,9.53,Low,True,False,False,False,False
10.06,53.1,35.0,801.204,1.7,14.17,57.03,999.404948,10.69,Average,True,False,False,False,False
10.64,27.952,25.0,801.254,1.88,14.59,56.03,999.4669614,11.31,Low,False,False,False,False,True
11.08,39.285,36.0,800.516,1.62,14.22,55.5,1000.76287,11.47,Average,False,False,False,True,False
10.35,30.588,32.0,800.948,1.73,14.44,56.25,1000.192289,10.74,Average,False,False,False,True,False
10.35,44.616,26.0,796.131,1.79,14.59,57.31,999.7178715,9.78,Average,False,False,False,True,False
9.55,46.78,57.0,801.52,1.66,14.06,59.83,1000.907185,9.58,Average,False,False,False,True,False
10.86,32.413,45.0,802.966,1.73,14.0,54.42,1000.495618,11.12,Average,False,True,False,False,False
10.5,43.656,27.0,800.759,1.73,14.13,55.7,998.8502276,10.37,Average,False,False,False,True,False
10.5,43.845,38.0,802.634,1.74,14.2,57.37,1000.081515,10.44,Average,False,False,False,True,False
11.08,46.069,40.0,799.071,1.92,14.02,56.97,1000.066308,10.53,Low,False,False,False,False,True
9.48,25.45,54.0,801.618,1.86,13.95,59.71,998.8155011,9.32,Low,False,False,False,False,True
9.99,34.126,33.0,797.514,1.74,14.85,56.39,999.2278783,9.82,Low,False,False,True,False,False
10.28,45.553,17.0,798.687,1.64,14.66,57.62,1000.696743,10.42,Average,False,False,False,False,True
12.02,40.123,60.0,796.11,1.75,14.17,53.45,999.6918897,12.22,Average,True,False,False,False,False
10.57,30.02,31.0,801.83,1.93,14.55,55.97,999.0790746,10.7,Low,False,True,False,False,False
10.72,37.306,45.0,799.761,1.66,14.06,54.99,1000.929846,10.98,Low,False,False,False,False,True
9.7,35.795,41.0,802.461,1.77,14.46,58.7,998.7606087,9.22,Average,False,False,False,False,True
11.3,41.431,27.0,803.407,1.7,14.2,56.32,1001.044278,11.45,Average,False,False,False,False,True
9.92,42.382,48.0,802.885,1.73,14.68,56.03,1000.393662,10.29,Average,False,False,False,False,True
10.13,40.896,49.0,796.594,1.68,14.33,56.48,998.074034,9.56,Average,False,True,False,False,False
9.84,37.482,54.0,803.19,1.84,14.11,58.25,999.6690918,10.01,Average,False,True,False,False,False
9.55,33.832,40.0,795.075,1.81,14.9,58.15,1000.622498,10.09,Low,False,False,False,True,False
9.48,34.944,57.0,795.113,1.73,14.17,60.02,999.5534694,9.13,Average,False,True,False,False,False
10.13,46.989,28.0,802.949,1.76,14.09,57.49,1000.474121,10.44,Average,True,False,False,False,False
10.57,28.189,40.0,798.124,1.72,14.2,56.34,998.8805842,10.42,Low,False,False,False,False,True
10.35,48.932,56.0,807.74,1.7,14.28,55.97,998.7117048,10.3,Average,True,False,False,False,False
11.44,42.548,41.0,801.333,1.69,14.04,55.69,1001.784162,10.73,Low,False,False,True,False,False
8.75,57.423,51.0,801.96,1.65,14.22,58.84,998.1376242,9.42,Low,False,False,False,False,True
11.15,31.385,37.0,800.232,1.89,14.26,55.77,999.2990096,11.76,Low,False,False,False,False,True
9.99,54.901,45.0,797.018,1.69,14.37,58.66,999.718006,9.45,Average,False,False,False,True,False
12.1,33.568,44.0,797.752,1.83,14.39,54.08,999.5255121,11.43,Low,True,False,False,False,False
9.55,37.885,60.0,792.317,1.65,14.2,59.59,999.3845544,9.66,High,False,True,False,False,False
11.37,32.187,49.0,803.377,1.71,14.26,55.64,999.9011458,10.68,Average,False,False,False,False,True
10.21,54.126,34.0,792.573,1.8,14.26,56.22,1000.827772,10.4,Average,True,False,False,False,False
9.92,39.44,34.0,804.164,1.91,14.13,57.72,1000.880587,10.12,Low,False,False,False,False,True
11.59,33.722,60.0,800.314,1.72,14.24,55.39,999.4016945,10.87,Low,False,False,False,False,True
10.5,39.977,25.0,797.17,1.77,14.15,56.75,999.9080761,10.36,Average,False,False,True,False,False
10.72,45.936,34.0,807.513,1.77,14.11,56.06,1000.627766,11.04,Average,False,False,False,False,True
10.35,31.232,55.0,797.669,1.81,14.22,56.85,1000.533925,11.05,Average,False,False,False,True,False
9.77,38.425,53.0,801.462,1.72,14.92,58.55,1000.83482,9.99,Low,False,True,False,False,False
9.04,40.337,40.0,802.133,1.9,14.35,58.24,1001.673028,8.52,Low,False,False,False,False,True
10.5,39.317,60.0,797.964,1.73,13.98,55.93,999.7907503,10.49,Average,False,True,False,False,False
11.88,34.095,32.0,798.397,1.85,14.2,53.49,1000.333272,11.24,Low,False,False,False,False,True
8.97,45.486,52.0,801.705,1.84,14.11,60.69,998.9232631,8.72,Low,False,False,False,True,False
10.13,33.658,39.0,805.431,1.66,14.74,54.98,1000.248207,10.66,Low,False,True,False,False,False
11.01,44.638,40.0,802.742,1.83,14.22,53.66,999.1107267,11.53,Average,False,False,True,False,False
9.77,44.682,36.0,799.986,1.75,14.81,57.71,1001.211272,9.99,Average,False,False,True,False,False
10.5,34.354,38.0,799.806,1.64,14.33,56.41,998.7662805,10.18,Low,False,False,False,True,False
9.48,52.341,45.0,794.898,1.77,14.26,60.14,1000.400161,8.93,Low,False,False,False,True,False
9.77,42.344,43.0,795.834,1.77,14.17,57.17,999.3446691,9.6,Average,True,False,False,False,False
8.9,38.931,61.0,796.3,1.7,14.02,61.2,999.9304006,8.4,Average,False,False,False,False,True
9.77,45.562,28.0,800.716,1.76,14.15,59.06,999.9031623,9.37,Average,False,True,False,False,False
10.57,35.435,39.0,802.93,1.74,14.7,54.57,1000.449684,11.22,Low,False,False,True,False,False
10.72,50.117,43.0,794.754,1.6,14.33,57.83,1001.337119,10.19,Average,False,False,True,False,False
10.93,38.174,40.970511708586294,800.005,1.79,14.15,55.56,1001.235399,11.13,Average,True,False,False,False,False
8.75,40.122,43.0,801.225,1.91,14.39,58.06,1000.538889,8.9,Low,False,False,False,True,False
10.64,43.39,39.0,800.484,1.9,14.22,56.64,999.6128851,9.93,Low,False,False,True,False,False
10.06,49.857,55.0,802.658,1.76,14.48,58.23,1000.111401,10.02,High,True,False,False,False,False
10.13,43.721,35.0,802.576,1.73,14.15,58.55,998.9047401,9.86,Average,False,True,False,False,False
9.63,36.742,61.0,800.84,1.71,14.68,58.21,1000.058236,9.71,Low,False,False,False,False,True
12.46,32.232,54.0,805.524,1.82,14.5,52.64,999.2616006,12.09,Low,False,False,False,True,False
10.5,42.113,40.970511708586294,803.099,1.76,14.28,56.7,1000.660203,10.14,Average,True,False,False,False,False
10.35,44.452,50.0,808.409,1.66,14.22,58.28,1001.737609,9.79,Average,False,False,False,True,False
9.63,46.354,59.0,800.165,1.93,14.55,57.28,998.1090259,10.18,Low,True,False,False,False,False
11.15,40.361,48.0,805.664,1.73,14.39,53.71,1001.641026,11.62,Average,False,False,False,True,False
11.01,37.911,40.0,803.833,1.72,14.52,55.22,1001.575611,10.82,Low,False,False,True,False,False
9.48,42.945,27.0,801.21,1.64,14.79,58.78,1000.519609,9.81,Average,True,False,False,False,False
10.28,47.359,38.0,797.325,1.72,14.37,58.14,1000.102898,10.06,Low,False,False,False,True,False
10.86,38.012,60.0,801.865,1.71,14.79,55.28,1000.229802,11.33,Low,False,False,False,False,True
11.3,41.705,51.0,799.681,1.71,14.33,57.11,999.7184651,10.52,Average,False,True,False,False,False
10.21,42.803,43.0,800.24,1.79,14.13,56.96,999.3084946,9.81,Average,False,True,False,False,False
10.79,35.654,56.0,798.584,1.83,14.26,56.57,1000.567712,11.04,Low,True,False,False,False,False
11.08,35.352,30.0,805.907,1.73,14.33,54.23,999.7374219,10.66,Average,False,True,False,False,False
11.51,44.575,32.0,805.792,1.69,14.11,55.9,1000.695568,11.63,Average,False,False,True,False,False
9.55,38.931,41.0,797.627,1.69,14.66,58.87,999.3683815,9.01,Low,True,False,False,False,False
11.01,31.452,58.0,800.363,1.8,14.35,55.52,1000.571085,10.38,Average,False,True,False,False,False
9.33,36.825,44.0,802.234,1.71,14.06,58.59,1000.689716,9.81,Average,False,False,True,False,False
10.79,44.569,49.0,800.799,1.89,14.2,55.73,1000.006271,10.41,Low,False,False,True,False,False
9.77,50.096,40.0,801.227,1.72,14.13,57.91,999.4332792,10.54,Average,False,True,False,False,False
8.68,48.534,24.0,805.064,1.73,14.11,59.23,999.7915617,8.97,Average,True,False,False,False,False
10.64,41.268,34.0,805.029,1.71,14.39,56.05,1001.957895,10.8,Average,False,False,False,False,True
9.7,67.222,30.0,801.248,1.67,13.95,59.72,1000.567063,9.51,Average,True,False,False,False,False
11.01,38.828,34.0,800.948,1.78,14.22,54.05,999.0856678,11.05,High,True,False,False,False,False
10.57,49.166,40.0,800.045,1.69,14.33,55.13,999.0657142,10.42,Average,False,False,False,False,True
9.55,50.135,46.0,793.914,1.74,14.61,57.91,999.1616075,9.23,Average,False,False,False,False,True
9.77,44.992,40.970511708586294,802.586,1.77,14.33,57.9,998.9162976,10.24,Average,False,False,False,True,False
10.42,31.893,53.0,793.647,1.7,14.15,56.45,998.8259888,10.98,Average,False,True,False,False,False
9.63,50.643,46.0,803.6,1.88,14.09,57.2,1000.179213,9.93,Low,True,False,False,False,False
10.57,38.18,37.0,797.388,1.67,14.15,56.25,1000.182022,10.86,Average,False,False,False,True,False
11.59,37.326,41.0,796.782,1.7,14.92,52.71,999.4212196,12.11,Low,False,False,True,False,False
10.13,34.138,47.0,802.022,1.87,14.39,56.75,999.3181988,9.98,Low,False,False,True,False,False
11.15,43.127,58.0,798.525,1.77,14.79,55.02,999.38276,11.38,Average,False,False,True,False,False
9.04,35.804,47.0,808.214,1.68,14.13,58.99,998.2023643,9.37,Average,False,False,False,True,False
11.15,45.927,41.0,803.853,1.73,14.2,56.45,999.3896132,10.61,Average,False,False,True,False,False
10.72,34.431,39.0,799.127,1.65,14.57,56.0,999.0260897,10.43,Average,False,False,False,False,True
10.93,46.573,44.0,801.537,1.73,14.09,55.29,1000.928475,10.98,Average,False,False,True,False,False
11.95,21.945,52.0,802.733,1.86,14.57,52.25,999.099687,12.02,Low,False,False,False,False,True
9.48,41.566,18.0,798.749,1.75,14.06,57.87,999.6635391,10.21,Average,True,False,False,False,False
9.55,36.475,46.0,799.891,1.95,14.48,58.92,998.8723929,9.08,Low,False,True,False,False,False
10.72,44.569,34.0,802.733,1.74,14.5,55.35,1001.311673,11.0,Low,True,False,False,False,False
10.28,37.319,46.0,803.593,1.76,14.9,55.87,1000.170053,10.82,Low,False,True,False,False,False
10.42,39.989,19.0,800.718,1.82,14.72,56.89,1001.015425,9.73,Low,False,False,False,True,False
10.57,43.592,33.0,805.3,1.76,14.24,55.12,1001.188358,10.76,Low,False,False,False,False,True
9.55,46.521,51.0,807.532,1.74,14.02,56.67,1001.753226,10.04,Average,True,False,False,False,False
12.24,8.94,50.0,803.029,1.92,14.3,51.72,999.4687414,12.48,Low,False,False,False,True,False
10.72,25.878,47.0,803.061,1.9,14.7,53.33,999.5085283,11.37,Low,False,False,False,False,True
11.01,50.256,42.0,802.902,1.82,14.37,55.75,1000.4148,10.46,Average,False,True,False,False,False
10.42,44.038,27.0,798.308,1.78,14.17,55.76,999.1110904,10.53,Average,True,False,False,False,False
9.77,43.755,29.0,805.627,1.69,14.17,58.52,1000.491404,9.87,Average,True,False,False,False,False
10.13,46.807,34.0,800.702,1.73,14.22,57.8,1000.995048,10.24,Average,False,True,False,False,False
8.68,48.036,56.0,792.739,1.71,14.13,58.49,998.7987167,9.33,Average,False,True,False,False,False
9.19,46.846,44.0,808.936,1.73,14.3,58.72,1000.190796,8.9,Average,False,True,False,False,False
8.97,47.717,39.0,802.547,1.83,14.83,57.14,999.9727687,9.67,Average,False,False,True,False,False
10.79,38.807,55.0,795.04,1.62,14.59,55.87,998.3477904,10.88,Low,False,True,False,False,False
10.57,45.866,20.0,801.52,1.77,14.2,55.66,999.799357,10.19,Average,False,False,False,True,False
11.22,41.983,42.0,790.268,1.79,14.48,55.47,999.0369236,10.82,Average,False,False,False,True,False
10.86,49.936,35.0,797.25,1.61,14.7,54.17,1000.00858,11.0,Low,False,False,False,True,False
10.72,45.293,22.0,798.206,1.71,14.92,55.63,998.9827395,11.24,Average,False,True,False,False,False
9.63,53.264,47.0,797.629,1.7,14.74,58.75,999.3717917,9.38,Average,False,False,True,False,False
10.86,46.77,59.0,801.576,1.9,14.44,56.5,999.8689547,11.22,Low,False,False,False,False,True
9.63,46.92,23.0,796.52,1.78,14.04,59.1,999.0932529,9.99,Average,False,False,False,False,True
10.57,50.107,49.0,796.338,1.83,14.24,56.74,999.978091,10.46,Low,False,False,False,False,True
9.19,51.279,25.0,801.15,1.96,14.61,56.34,1001.555901,9.91,Low,True,False,False,False,False
11.15,41.27,46.0,795.798,1.8,14.26,56.94,1000.415524,10.57,Average,False,True,False,False,False
9.77,46.321,46.0,804.294,1.55,14.24,56.69,1001.042468,10.18,Average,True,False,False,False,False
9.19,53.349,38.0,800.678,1.64,14.15,59.67,998.7485777,9.26,Average,True,False,False,False,False
9.7,44.517,37.0,803.43,1.72,14.17,59.35,999.9667868,9.45,Average,False,False,False,False,True
10.57,47.726,47.0,798.798,1.69,14.15,55.28,999.7238033,11.15,Average,False,True,False,False,False
9.63,31.368,23.0,801.849,1.65,14.04,59.4,999.1028727,9.96,Average,False,False,False,False,True
10.72,25.237,57.0,802.008,1.83,14.2,55.77,999.3018208,10.44,Low,True,False,False,False,False
9.7,56.105,18.0,802.341,1.7,14.04,58.43,999.7158374,9.97,Average,False,False,False,False,True
11.08,50.135,35.0,799.285,1.84,14.24,55.07,999.2233207,11.44,Average,False,False,True,False,False
9.55,42.136,38.0,797.771,1.76,14.04,58.28,1000.661536,9.34,Average,False,False,False,True,False
8.9,51.588,47.0,806.223,1.7,14.11,60.53,1000.129345,8.59,Average,True,False,False,False,False
10.35,31.625,40.0,794.318,1.69,14.15,56.09,998.5545318,11.02,Average,False,False,False,True,False
9.77,21.122,51.0,800.488,1.76,14.13,57.51,999.6181704,9.43,Low,False,False,True,False,False
9.26,50.248,43.0,801.849,1.71,14.39,59.47,999.1030682,9.96,Average,False,True,False,False,False
11.3,43.481,58.0,800.952,1.74,14.59,54.63,1000.197878,11.39,Low,False,False,False,True,False
10.21,47.027,56.0,802.809,1.75,14.74,56.55,1000.299254,10.59,Low,True,False,False,False,False
10.57,53.024,53.0,798.864,1.81,14.17,55.77,1000.919214,10.17,Average,False,False,True,False,False
10.28,37.28,54.0,800.368,1.87,14.09,58.23,1000.577358,10.05,Low,True,False,False,False,False
9.92,46.212,54.0,794.098,1.7,14.46,55.29,1000.510035,10.67,Average,False,False,False,True,False
9.84,38.613,43.0,798.074,1.69,14.35,58.42,999.9284275,10.53,Average,False,False,True,False,False
9.55,46.925,50.0,795.902,1.8,14.09,58.85,998.3179474,9.39,Average,False,False,True,False,False
9.41,25.903,23.0,803.395,1.69,14.66,57.22,1001.029207,10.02,Average,False,False,False,False,True
10.28,37.012,43.0,801.294,1.71,14.83,55.78,998.411506,9.92,Low,False,True,False,False,False
9.04,54.471,18.0,797.444,1.68,14.2,58.07,999.1396496,9.77,Average,False,False,False,True,False
9.19,44.489,48.0,804.107,1.81,14.22,60.39,999.7054366,8.89,Average,False,False,False,True,False
9.92,23.468,46.0,798.645,1.79,14.11,56.95,1000.644899,9.99,Low,False,True,False,False,False
11.15,33.807,37.0,800.796,1.85,14.92,52.87,1001.113038,11.72,Average,False,False,False,True,False
9.99,48.562,60.0,792.162,1.74,14.39,56.38,1001.430969,10.5,Average,False,False,True,False,False
9.84,43.384,32.0,807.413,1.68,14.33,56.43,1001.605536,10.26,Average,False,False,True,False,False
10.42,51.18,23.0,804.594,1.77,14.39,56.04,999.2083551,10.99,Average,True,False,False,False,False
10.42,41.933,43.0,801.416,1.74,14.24,57.8,998.5640161,10.16,Average,False,False,False,True,False
9.84,42.993,25.0,806.402,1.66,14.2,57.05,999.2509103,10.47,Average,False,True,False,False,False
10.72,32.526,49.0,800.992,1.77,14.09,57.49,1000.247341,10.66,Average,False,False,True,False,False
9.77,48.777,41.0,801.817,1.91,14.15,59.0,1001.278334,9.54,Low,True,False,False,False,False
9.99,54.276,36.0,800.321,1.75,14.41,58.69,1000.519327,9.86,Low,True,False,False,False,False
11.08,31.477,51.0,797.031,1.78,14.06,55.28,998.6216907,10.64,Low,False,True,False,False,False
11.15,37.075,55.0,797.82,1.72,14.09,56.09,999.6112881,10.4,Average,False,False,False,False,True
9.7,50.625,34.0,799.66,1.69,14.11,57.21,999.6928887,10.02,Average,True,False,False,False,False
10.13,47.791,47.0,801.468,1.69,14.11,56.69,999.7340691,10.54,Average,False,True,False,False,False
9.7,44.726,48.0,796.708,1.95,14.04,58.55,1000.442009,10.35,Low,False,False,True,False,False
11.08,45.285,53.0,802.351,1.75,14.35,55.61,1000.835293,11.26,Average,False,False,True,False,False
10.57,43.272,61.0,801.619,1.71,14.68,56.95,998.8161324,10.34,Low,False,True,False,False,False
10.13,39.309,38.0,806.627,1.81,14.26,56.45,1000.629453,10.13,Average,False,False,False,False,True
10.21,41.994,49.0,804.16,1.81,14.24,57.39,999.7711207,10.75,High,False,True,False,False,False
11.66,36.036,56.0,793.333,1.71,14.17,53.53,999.546941,11.36,Average,False,False,False,True,False
10.5,43.405,60.0,809.272,1.76,14.37,56.14,1000.606163,10.08,Average,False,True,False,False,False
9.92,57.97,36.0,805.201,1.75,14.26,56.81,1001.065478,10.34,Average,True,False,False,False,False
11.08,38.951,24.0,805.246,1.76,14.37,54.12,998.9170626,11.66,Average,False,False,False,False,True
9.41,26.979,41.0,803.483,1.76,14.24,58.14,1000.033791,10.15,Average,False,False,True,False,False
10.42,55.677,50.0,802.349,1.81,14.3,55.79,998.6217593,10.19,Low,True,False,False,False,False
12.46,16.04,60.0,803.21,1.74,14.66,52.6,999.6938868,11.63,Low,False,True,False,False,False
9.26,41.865,40.970511708586294,801.861,1.7,14.13,57.7,999.1182369,9.58,Average,False,False,False,True,False
11.95,34.758,36.0,802.84,1.9,14.2,53.59,1000.33818,12.43,Low,False,True,False,False,False
10.06,47.686,26.0,798.804,1.81,14.06,58.78,999.7313721,9.94,Average,False,False,False,True,False
11.51,32.844,42.0,796.538,1.69,14.28,55.33,1000.228969,12.07,Average,True,False,False,False,False
10.86,29.572,41.0,795.746,1.71,14.13,55.63,1000.349969,11.11,Average,False,False,False,True,False
10.72,44.531,21.0,805.8,1.73,14.41,55.09,1001.810084,10.86,Low,False,True,False,False,False
11.22,25.646,55.0,803.106,1.94,14.37,54.23,998.4607625,10.83,Low,False,True,False,False,False
8.54,63.875,35.0,795.217,1.72,14.22,59.69,1000.800854,8.54,Average,True,False,False,False,False
10.13,58.572,35.0,801.245,1.68,14.57,55.85,999.4553701,10.68,Average,False,True,False,False,False
10.5,38.12,27.0,800.467,1.67,14.44,57.76,999.5927578,10.28,Average,False,False,False,True,False
10.13,47.501,26.0,799.216,1.75,14.79,58.04,999.137375,9.94,High,False,False,False,True,False
10.35,43.639,55.0,802.418,1.86,14.41,56.54,999.8119097,10.67,Low,True,False,False,False,False
10.28,32.637,43.0,799.379,1.69,13.98,58.19,999.3410184,9.72,Average,False,False,False,True,False
11.37,34.04,57.0,803.086,1.79,14.06,54.26,1000.644773,11.69,Average,False,True,False,False,False
10.57,31.762,57.0,804.087,1.74,14.35,56.46,1000.784542,10.31,Average,False,False,True,False,False
10.06,37.442,40.970511708586294,802.65,1.82,14.15,56.64,998.9960899,10.46,Average,False,False,False,False,True
9.92,34.114,50.0,807.252,1.54,14.26,57.02,1001.404917,9.32,Low,False,False,True,False,False
10.35,49.248,50.0,800.937,1.76,14.17,57.95,1000.179264,9.94,Average,False,False,False,False,True
9.12,55.163,60.0,799.673,1.68,14.11,60.43,999.7091604,8.81,Average,False,False,False,False,True
10.13,49.127,46.0,792.388,1.79,14.41,55.14,999.4736345,10.62,Low,False,False,True,False,False
11.51,32.273,50.0,792.998,1.68,14.2,53.84,999.1244993,11.98,Average,False,False,False,False,True
10.35,39.119,53.0,800.402,1.68,14.3,56.43,1000.619766,10.05,Average,False,False,False,True,False
11.66,44.478,51.0,798.092,1.75,14.28,53.71,998.8411704,11.04,Average,False,False,True,False,False
10.57,39.447,37.0,802.472,1.69,14.39,55.75,998.7751157,10.39,Average,False,False,False,False,True
9.55,56.292,34.0,807.013,1.74,14.11,57.19,1000.007561,9.99,Average,False,True,False,False,False
9.7,50.223,36.0,801.569,1.91,14.28,59.27,998.7545368,9.66,Low,False,False,True,False,False
10.13,43.483,41.0,809.785,1.65,14.22,57.56,999.0477224,9.83,Average,False,True,False,False,False
10.06,32.711,44.0,799.089,1.71,14.17,55.58,1000.08873,10.75,Average,False,False,False,True,False
10.57,39.04,37.0,804.249,1.92,14.37,56.98,1000.987024,10.44,Low,False,False,False,False,True
9.84,42.8,23.0,803.07,1.75,14.09,57.54,1000.624508,10.06,Average,False,False,False,True,False
10.79,34.568,53.0,798.938,1.7,14.17,55.24,998.7897576,10.76,Average,False,False,True,False,False
9.26,46.442,30.0,801.358,1.7,14.28,58.92,999.5972997,9.68,Average,False,False,True,False,False
11.08,29.218,46.0,803.526,1.82,14.44,54.95,1000.086705,11.19,Average,True,False,False,False,False
12.46,10.684,33.0,797.593,1.8,14.37,52.93,999.326526,12.24,Low,False,False,False,True,False
10.64,28.252,57.0,795.167,1.88,14.35,56.26,1000.738486,10.97,Low,False,False,True,False,False
10.06,30.578,55.0,798.442,1.72,14.37,56.67,999.278518,9.49,Average,True,False,False,False,False
9.26,43.358,40.970511708586294,799.889,1.72,14.41,56.89,999.978635,10.0,Average,True,False,False,False,False
10.5,53.137,44.0,799.063,1.7,14.24,56.55,1000.055709,10.49,Average,False,True,False,False,False
11.37,33.247,53.0,795.591,1.71,14.81,52.98,999.0402017,11.34,Low,False,False,True,False,False
10.93,38.51,56.0,797.645,1.77,14.15,55.23,1001.61862,10.54,Average,False,False,False,False,True
9.55,30.48,52.0,799.928,1.9,14.33,57.22,998.918952,9.38,Low,True,False,False,False,False
10.57,44.002,51.0,806.861,1.64,14.33,58.4,998.7213322,10.04,Low,False,False,False,False,True
11.44,33.226,49.0,801.148,1.69,14.0,55.66,999.3348273,10.75,Average,False,False,True,False,False
10.35,39.76,24.0,797.158,1.78,14.41,58.44,1001.007431,9.73,Average,False,False,True,False,False
11.08,55.372,31.0,798.401,1.66,14.04,56.41,1001.452054,10.51,Average,False,False,False,False,True
9.19,25.998,33.0,804.485,1.74,14.13,60.15,1000.175572,9.29,High,False,True,False,False,False
9.84,36.817,34.0,801.678,1.67,14.22,59.43,999.9956434,9.7,Low,False,True,False,False,False
9.33,52.311,48.0,797.482,1.68,14.22,59.06,1001.414384,9.65,Average,False,False,True,False,False
9.12,56.562,49.0,803.242,1.9,14.2,59.43,998.6306105,9.46,Low,True,False,False,False,False
10.5,51.004,26.0,805.792,1.72,14.68,58.02,1001.800299,10.03,Average,True,False,False,False,False
9.55,36.066,40.970511708586294,793.114,1.73,14.06,59.01,1000.3902,10.34,Average,False,True,False,False,False
9.84,56.506,34.0,803.567,1.76,14.39,57.73,1000.138324,10.34,Average,False,True,False,False,False
9.63,34.992,50.0,802.918,1.86,14.13,58.26,1000.435741,9.44,Low,True,False,False,False,False
9.41,42.835,52.0,798.015,1.72,14.2,59.92,999.8547267,9.31,Average,False,False,True,False,False
10.42,41.979,54.0,800.429,1.73,14.3,57.48,1000.653556,9.73,Average,False,False,True,False,False
10.79,41.495,47.0,801.579,1.8,13.95,56.02,999.8728306,11.16,Average,False,False,True,False,False
10.13,45.306,43.0,807.262,1.63,14.66,56.09,999.2168188,10.06,Low,False,False,False,True,False
10.13,37.659,34.0,800.908,1.74,14.7,56.18,999.0355793,10.79,Low,True,False,False,False,False
10.93,44.137,49.0,800.56,1.66,14.09,57.47,999.7087802,10.69,Average,False,False,True,False,False
9.63,25.68,49.0,802.523,1.81,14.77,58.72,999.9434732,9.16,Low,True,False,False,False,False
10.06,37.051,35.0,807.308,1.74,14.13,58.72,1000.373255,10.28,Average,True,False,False,False,False
10.21,34.046,56.0,801.522,1.73,14.39,58.53,999.8014299,9.85,Average,False,False,False,True,False
9.26,50.772,34.0,802.9,1.76,14.26,60.34,998.2051506,9.09,Average,False,False,False,True,False
10.42,35.993,51.0,805.998,1.89,14.28,55.36,999.8493247,11.07,Low,False,False,False,True,False
9.7,56.049,24.0,794.218,1.62,14.22,57.95,1000.661529,9.1,Average,False,False,True,False,False
12.31,27.491,25.0,797.79,1.61,14.63,52.16,1001.801759,12.02,Low,False,False,False,True,False
11.81,39.876,44.0,809.229,1.81,14.37,53.74,999.4553048,11.88,Low,False,True,False,False,False
11.08,41.68,38.0,803.12,1.74,14.81,56.31,998.4780115,11.05,Average,False,False,True,False,False
9.99,43.738,36.0,805.141,1.72,14.2,57.82,999.8880167,10.57,Average,True,False,False,False,False
10.13,38.071,36.0,800.899,1.77,14.72,57.0,1001.241747,9.96,Low,False,False,False,False,True
10.86,40.585,39.0,799.864,1.66,14.17,55.05,998.839285,10.41,Average,True,False,False,False,False
11.01,52.31,59.0,803.682,1.74,14.72,55.1,1001.387305,11.15,Average,False,False,True,False,False
10.5,48.28,58.0,807.61,1.68,14.15,56.4,999.6479221,9.91,Average,False,False,True,False,False
9.63,39.866,61.0,802.87,1.73,14.74,58.05,999.2698991,10.05,Average,False,False,False,True,False
10.93,34.48,19.0,806.981,1.62,14.63,54.58,998.869788,10.92,Average,False,True,False,False,False
9.77,48.572,30.0,808.383,1.66,14.11,58.88,1001.705794,9.55,Average,False,False,False,True,False
12.31,24.668,22.0,806.762,1.77,14.06,53.56,1000.797574,11.91,Low,False,False,False,True,False
8.75,56.198,47.0,801.929,1.87,14.11,61.04,999.2025177,8.87,Low,False,False,False,True,False
10.35,52.004,58.0,805.015,1.82,14.24,56.74,998.6298839,9.87,Average,False,False,True,False,False
10.64,37.212,54.0,803.197,1.78,14.85,57.16,999.676665,10.15,Low,False,False,True,False,False
10.42,46.987,41.0,799.193,1.92,14.24,54.67,999.1088643,11.12,Low,False,False,False,True,False
10.86,34.201,33.0,804.134,1.74,13.93,55.4,999.7392893,11.4,Average,False,False,False,True,False
10.72,44.035,42.0,792.33,1.72,14.17,56.0,999.4005989,10.51,Average,False,True,False,False,False
10.93,47.371,56.0,792.769,1.68,14.24,57.43,999.9542101,10.29,Average,False,False,False,False,True
10.28,32.859,26.0,804.935,1.82,14.06,57.1,999.6316597,10.75,Low,False,False,True,False,False
10.13,18.742,58.0,809.056,1.74,14.33,57.57,1001.437963,10.39,Average,False,False,True,False,False
10.42,40.605,40.970511708586294,802.405,1.74,14.41,56.7,1000.903044,10.46,Average,False,False,False,True,False
12.46,34.692,53.0,803.046,1.8,14.15,51.48,1000.594267,12.25,Average,False,False,False,False,True
9.7,48.624,39.0,795.656,1.67,14.33,58.22,1000.236728,9.48,Average,True,False,False,False,False
8.68,47.734,40.970511708586294,805.203,1.78,14.09,60.76,999.965068,8.53,Average,False,True,False,False,False
11.88,31.74,51.0,805.425,1.75,14.46,53.93,1001.34346,12.28,Average,False,False,True,False,False
10.42,31.357,40.0,800.951,1.75,14.33,57.19,1001.306676,10.77,Average,False,True,False,False,False
9.99,49.587,47.0,799.625,1.86,14.04,55.71,999.6493281,10.65,Low,False,True,False,False,False
9.99,39.145,22.0,796.268,1.71,14.11,57.32,1001.00625,9.85,Average,True,False,False,False,False
11.08,26.134,26.0,796.746,1.76,14.13,56.63,999.3762944,10.79,Low,False,False,True,False,False
10.42,50.022,49.0,803.161,1.76,14.11,56.65,1000.73847,9.75,Average,False,False,False,True,False
11.66,36.935,16.0,802.818,1.76,14.13,55.93,999.2049068,11.01,Average,False,False,False,True,False
10.21,45.846,22.0,797.063,1.75,14.3,57.89,998.6616444,10.24,Average,False,True,False,False,False
11.81,49.223,21.0,798.375,1.75,14.11,53.76,1000.306287,12.31,Average,False,False,False,False,True
8.9,39.018,49.0,805.603,1.7,14.2,59.18,999.359933,8.97,Average,True,False,False,False,False
10.21,46.383,52.0,791.481,1.66,14.24,57.87,1000.569779,9.61,Low,False,False,False,False,True
10.35,29.061,50.0,809.056,1.64,14.28,56.76,1000.338838,10.49,Average,True,False,False,False,False
10.64,36.885,40.0,798.775,1.75,14.24,56.93,1000.807218,10.01,Average,True,False,False,False,False
10.79,40.641,52.0,801.4,1.76,14.22,55.58,999.6493671,11.2,Average,True,False,False,False,False
10.35,45.605,16.0,801.56,1.74,14.48,55.86,999.8487078,10.69,Average,True,False,False,False,False
10.93,39.923,34.0,803.144,1.69,14.35,55.45,1000.716342,11.05,Average,True,False,False,False,False
11.22,30.094,57.0,801.224,1.71,14.02,57.11,1000.537194,10.46,Average,False,False,True,False,False
10.5,44.289,40.0,801.889,1.73,14.17,56.21,1000.259381,10.91,Average,False,False,True,False,False
10.42,43.382,53.0,805.03,1.9,14.24,56.28,1000.852949,10.53,Low,False,False,False,False,True
10.06,50.952,48.0,802.276,1.62,14.77,58.3,999.6354177,10.25,Average,False,False,True,False,False
10.86,25.146,49.0,801.64,1.74,14.04,55.62,1001.0569,10.45,Average,False,False,False,False,True
9.63,40.117,41.0,793.554,1.87,14.35,57.22,999.825839,9.49,Low,False,False,True,False,False
10.13,34.329,33.0,800.991,1.94,14.15,58.51,1000.246366,9.74,Low,True,False,False,False,False
11.22,43.666,38.0,798.88,1.66,14.13,57.46,999.8263243,10.48,Low,True,False,False,False,False
11.88,30.954,53.0,801.544,1.86,14.37,52.94,999.8292743,11.35,Low,True,False,False,False,False
10.79,28.403,60.0,798.368,1.75,14.06,55.35,999.1858634,11.04,Low,False,True,False,False,False
10.86,36.437,60.0,803.531,1.73,14.06,57.38,1001.199052,10.76,Average,False,True,False,False,False
11.3,48.526,23.0,794.309,1.72,14.09,55.83,1000.77622,11.23,Average,False,False,True,False,False
10.79,49.857,37.0,797.668,1.73,14.17,56.21,999.4207674,10.98,Average,False,True,False,False,False
10.79,31.873,38.0,794.94,1.68,14.15,54.67,1000.452996,10.77,Average,False,True,False,False,False
9.92,49.411,59.0,793.281,1.73,14.41,58.19,1000.600857,10.61,Average,False,False,False,False,True
9.41,54.618,40.0,806.735,1.93,14.13,58.53,1001.867498,10.01,Low,False,False,True,False,False
9.12,55.259,25.0,802.19,1.71,14.17,61.01,1000.634363,8.59,Average,False,False,False,True,False
12.02,35.348,51.0,802.286,1.85,14.37,54.56,1000.754156,11.97,Low,False,False,True,False,False
9.99,41.717,39.0,801.171,1.88,14.35,58.94,999.3637675,9.39,Low,True,False,False,False,False
12.46,10.336,51.0,797.94,1.78,14.59,54.36,999.7614576,11.56,Low,False,False,True,False,False
10.86,35.265,36.0,803.263,1.8,14.09,56.11,999.7593282,11.08,Average,False,False,False,True,False
10.21,47.446,53.0,796.916,1.68,14.0,55.35,998.4783842,10.77,Average,True,False,False,False,False
10.21,43.231,39.0,801.589,1.72,14.28,56.61,1000.993579,10.82,Average,False,False,False,False,True
9.04,53.894,40.0,802.742,1.7,14.04,60.63,1000.216072,9.1,Average,False,False,False,False,True
9.04,40.153,58.0,795.754,1.77,14.02,58.09,999.2446917,9.2,Average,False,True,False,False,False
10.28,43.648,42.0,804.951,1.67,14.85,55.36,999.6516892,10.88,Low,False,True,False,False,False
10.93,32.961,19.0,797.219,1.71,14.17,54.95,998.8579942,11.41,Average,False,False,False,False,True
9.84,47.16,39.0,805.877,1.74,14.2,58.91,999.6993414,9.22,Low,False,True,False,False,False
9.12,43.768,49.0,799.215,1.74,14.15,60.04,1000.245539,8.63,Average,False,False,True,False,False
10.5,37.554,35.0,798.532,1.8,14.74,57.29,999.3919028,9.96,Low,False,True,False,False,False
10.28,43.138,41.0,800.185,1.72,14.04,57.82,999.2402457,10.72,Average,False,False,False,False,True
9.26,41.192,33.0,803.797,1.78,14.26,59.6,1001.530252,9.42,Low,True,False,False,False,False
11.66,36.215,33.0,796.924,1.79,14.2,55.42,1000.714313,11.69,Low,True,False,False,False,False
8.9,58.587,34.0,799.079,1.75,14.09,59.13,998.9667971,8.56,Average,False,False,False,False,True
9.84,60.103,40.970511708586294,808.455,1.67,14.74,55.78,999.5952048,10.48,Average,False,False,False,True,False
8.83,35.249,26.0,800.696,1.94,14.09,58.34,998.7708005,8.8,Low,False,False,False,True,False
10.06,52.275,32.0,801.977,1.7,14.09,57.23,1000.369031,10.44,Low,True,False,False,False,False
8.83,49.1,37.0,795.156,1.6,14.02,59.09,1000.724329,9.25,Low,False,False,False,False,True
9.92,46.155,46.0,797.907,1.83,14.22,59.12,998.608977,9.8,Low,True,False,False,False,False
11.44,28.389,22.0,803.187,1.82,14.17,54.66,999.6649305,11.32,Low,False,True,False,False,False
10.57,37.342,48.0,801.376,1.7,14.09,57.83,1000.72753,10.49,Average,False,False,True,False,False
9.7,49.232,39.0,796.765,1.61,14.13,59.27,1001.63101,9.39,Average,False,False,False,True,False
11.08,19.512,46.0,802.431,1.84,14.59,55.93,998.723408,10.98,Low,False,False,False,True,False
11.3,22.103,52.0,804.855,1.92,14.5,53.62,999.5323924,10.9,Low,True,False,False,False,False
11.22,39.67,43.0,802.45,1.65,14.61,56.31,1000.959192,10.75,Low,False,False,False,False,True
10.93,40.745,59.0,801.348,1.78,14.06,56.5,999.5839419,11.15,Average,False,False,False,True,False
10.35,36.566,42.0,802.117,1.75,14.15,55.85,999.4366053,10.37,Average,False,False,True,False,False
10.13,34.666,39.0,803.626,1.73,14.24,56.06,1000.210569,10.51,Average,False,False,True,False,False
9.63,50.08,58.0,802.981,1.71,14.3,56.98,999.4087458,9.74,Average,False,False,False,False,True
10.28,54.165,47.0,805.024,1.74,14.3,58.18,1001.95078,9.71,Average,False,False,False,True,False
10.21,40.8,59.0,795.614,1.67,14.28,57.9,1001.301314,9.91,Low,False,False,False,True,False
10.93,44.637,42.0,804.041,1.7,14.2,55.88,1000.727995,10.4,Average,False,False,False,False,True
9.12,39.051,22.0,794.918,1.86,14.17,58.99,998.1951735,9.87,Low,False,False,False,False,True
9.04,44.182,30.0,801.465,1.71,14.2,58.87,998.6249937,9.23,Average,True,False,False,False,False
9.55,56.497,40.0,795.264,1.64,14.72,59.09,1000.860333,9.61,Average,False,False,False,True,False
9.92,40.321,59.0,799.188,1.62,14.06,57.78,1000.212946,9.44,Average,True,False,False,False,False
10.28,47.471,43.0,802.378,1.79,14.17,56.67,999.7619948,10.35,Low,False,False,False,False,True
9.99,48.555,36.0,799.305,1.74,14.17,58.28,999.2490662,10.03,Average,False,False,False,True,False
9.26,49.464,16.0,802.122,1.79,14.2,58.31,998.3392411,9.88,Average,False,True,False,False,False
9.55,45.941,61.0,797.083,1.64,14.37,58.19,998.6868428,9.94,Average,False,False,False,False,True
9.7,43.996,52.0,799.502,1.52,14.15,59.65,998.3875469,9.81,Average,False,False,False,False,True
10.72,47.66,37.0,796.563,1.74,14.3,56.28,999.1468886,11.19,Average,False,False,False,False,True
11.51,30.328,53.0,803.098,1.76,14.11,54.44,1000.659911,11.39,Low,False,True,False,False,False
10.28,45.928,61.0,804.398,1.66,14.37,57.51,1000.066628,10.13,High,True,False,False,False,False
10.28,44.604,31.0,797.832,1.72,14.17,57.97,1000.738874,9.6,Average,False,True,False,False,False
10.21,44.455,52.0,804.503,1.69,14.13,57.11,999.0949448,9.81,Average,False,False,False,True,False
10.57,41.636,57.0,804.481,1.78,14.41,57.93,1001.275166,9.92,Average,False,False,False,False,True
11.01,40.686,42.0,802.132,1.77,14.13,55.94,1001.671406,10.7,Average,False,False,False,True,False
11.08,33.251,36.0,798.926,1.67,14.85,54.22,999.8843383,10.31,Low,False,False,True,False,False
10.79,26.064,37.0,806.519,1.69,14.11,57.02,1000.495887,10.43,Average,False,False,True,False,False
11.3,31.768,50.0,799.496,1.7,14.24,55.62,999.4878494,11.39,Average,False,False,True,False,False
9.84,48.755,32.0,798.379,1.81,14.52,58.93,1000.31115,9.2,Average,True,False,False,False,False
9.99,51.96,61.0,802.681,1.73,14.92,57.89,999.0347497,10.31,Low,True,False,False,False,False
9.41,33.313,40.0,799.704,1.71,14.13,59.1,998.6397013,9.05,Average,False,False,False,False,True
11.37,47.317,45.0,798.05,1.73,14.15,53.93,999.8988883,11.83,Average,False,False,True,False,False
10.35,38.46,45.0,802.064,1.76,14.55,57.75,1001.586238,10.36,Low,True,False,False,False,False
10.35,40.808,33.0,801.778,1.8,14.28,57.63,1001.229413,10.89,Low,False,False,False,False,True
10.06,39.518,62.0,802.427,1.77,14.61,56.66,1000.930364,10.01,Average,False,False,False,False,True
10.72,42.101,35.0,799.329,1.79,14.74,55.81,1000.388889,11.25,Low,False,False,False,True,False
10.28,31.164,50.0,799.835,1.92,14.37,56.21,999.9110702,10.95,Low,False,False,False,True,False
11.22,50.507,38.0,803.767,1.73,14.11,55.57,999.282506,11.14,Low,False,False,True,False,False
8.83,40.812,28.0,799.177,1.88,14.35,58.79,1000.198481,9.26,Low,False,True,False,False,False
10.21,46.565,57.0,804.873,1.74,14.13,57.0,999.555169,10.27,Average,False,True,False,False,False
10.86,16.992,61.0,800.726,1.8,14.33,56.31,999.9161253,10.18,Average,True,False,False,False,False
8.83,34.914,46.0,801.181,1.69,14.17,58.78,999.3766744,9.01,Average,False,True,False,False,False
10.86,39.905,51.0,798.47,1.6,14.57,53.9,999.3132827,11.23,Low,False,True,False,False,False
11.44,32.292,39.0,804.802,1.75,14.37,54.05,1000.57009,11.55,Low,False,False,False,False,True
10.21,40.787,51.0,803.762,1.79,14.39,56.58,999.2770769,9.86,Low,False,False,False,False,True
11.15,34.823,54.0,796.167,1.75,14.83,53.45,999.7634232,11.56,Low,False,False,False,True,False
9.77,45.946,39.0,800.949,1.88,14.5,58.44,1000.193652,9.83,Low,False,False,True,False,False
9.19,42.35,61.0,802.924,1.7,14.04,60.5,1001.549789,9.57,Average,False,False,False,False,True
11.08,31.899,51.0,802.333,1.74,14.3,56.5,999.7061196,10.61,Average,False,False,True,False,False
12.24,26.084,40.0,792.09,1.77,14.52,52.25,999.0980632,11.97,Low,False,False,False,True,False
10.35,33.85,42.0,799.051,1.68,14.04,56.61,1000.040374,9.78,Low,False,False,True,False,False
8.54,55.821,33.0,798.101,1.68,14.26,61.38,999.9627242,9.09,Average,True,False,False,False,False
10.72,37.251,28.0,800.39,1.72,14.15,54.52,1001.716722,11.18,Average,False,False,True,False,False
10.64,40.404,43.0,797.345,1.72,14.0,55.45,999.0156389,10.61,High,False,False,False,False,True
10.42,55.153,49.0,800.378,1.76,14.55,56.5,999.4813715,10.92,Average,False,False,True,False,False
10.13,38.968,40.970511708586294,801.689,1.75,14.13,58.69,1000.009795,9.51,Average,False,True,False,False,False
9.19,51.063,27.0,803.422,1.9,14.2,60.04,998.8536313,9.24,Low,False,False,False,True,False
10.21,48.449,60.0,798.63,1.86,14.17,58.54,999.5134073,10.01,Low,False,False,False,True,False
10.42,44.108,53.0,803.677,1.71,14.66,55.39,999.1708665,10.91,Low,False,False,False,False,True
11.01,41.063,46.0,799.752,1.75,14.22,53.69,998.6999953,11.64,Average,True,False,False,False,False
11.88,41.467,48.0,805.233,1.86,14.11,53.23,1001.105665,11.97,Low,False,False,False,False,True
9.48,39.462,57.0,802.204,1.74,14.15,58.66,1000.652465,9.48,Low,False,False,True,False,False
10.72,37.066,41.0,801.677,1.81,14.17,56.77,998.8892665,10.45,Average,True,False,False,False,False
9.99,50.151,41.0,796.094,1.74,14.3,58.45,999.6712542,10.06,Average,False,False,False,True,False
9.7,52.598,37.0,799.979,1.58,14.44,56.61,1000.091763,10.33,Average,False,False,False,False,True
11.3,36.969,39.0,804.107,1.71,14.61,54.28,1000.810463,11.48,Low,False,False,False,True,False
10.57,53.352,52.0,800.16,1.75,14.2,56.22,1000.317118,11.16,Average,False,False,False,False,True
10.86,50.084,17.0,799.746,1.73,14.13,56.77,1000.911076,11.33,Average,False,False,True,False,False
8.54,57.071,27.0,793.628,1.78,13.78,60.16,999.9186921,8.89,Average,False,True,False,False,False
9.55,46.22,32.0,801.22,1.78,14.11,59.24,1000.531952,10.08,Low,False,False,False,True,False
9.92,54.652,59.0,799.728,1.75,14.24,59.29,998.6700176,9.6,Average,True,False,False,False,False
10.42,26.006,48.0,794.04,1.74,14.39,57.73,1000.437489,10.45,Average,False,False,True,False,False
9.41,48.519,40.970511708586294,802.895,1.81,14.33,58.2,1000.406234,10.19,Average,False,True,False,False,False
9.77,28.158,47.0,805.436,1.87,14.15,58.99,999.1523251,10.17,Low,False,False,False,False,True
10.86,43.587,54.0,798.767,1.78,14.11,55.76,1001.911578,10.49,Low,True,False,False,False,False
11.01,42.622,44.0,801.471,1.65,14.17,56.56,1000.845614,11.41,Average,False,True,False,False,False
11.66,30.594,36.0,799.867,1.75,14.0,54.87,1001.062292,11.31,Average,False,False,True,False,False
11.59,29.602,47.0,802.21,1.78,14.26,52.6,1000.65937,12.14,Average,False,False,False,True,False
9.77,37.513,34.0,803.543,1.81,14.17,57.54,1000.10754,9.19,Average,False,False,False,False,True
11.37,46.448,48.0,802.425,1.77,14.13,55.3,1000.928326,11.06,Average,False,False,False,True,False
11.01,47.251,45.0,790.331,1.67,14.3,57.22,999.1160471,10.66,Average,True,False,False,False,False
9.48,40.975,41.0,801.01,1.94,14.26,59.79,999.1629991,9.46,Low,False,False,True,False,False
9.7,33.509,36.0,798.17,1.78,14.17,59.22,1000.049439,9.83,Low,True,False,False,False,False
10.35,47.439,46.0,801.529,1.71,14.63,55.42,1000.918669,10.04,Average,False,False,True,False,False
9.19,31.861,54.0,802.805,1.77,14.06,60.03,1000.294923,9.25,Average,False,False,True,False,False
11.15,41.595,40.970511708586294,796.817,1.83,14.94,54.2,998.3544046,11.42,Low,False,False,False,False,True
10.42,42.262,26.0,802.545,1.73,14.13,56.55,999.9700126,11.11,Average,False,True,False,False,False
9.33,48.093,57.0,801.437,1.93,14.28,59.06,1000.802986,9.45,Low,False,False,True,False,False
11.15,26.623,36.0,797.512,1.69,14.68,54.83,1000.337666,11.22,Low,True,False,False,False,False
9.92,55.536,37.0,802.456,1.75,14.11,58.74,999.8589393,10.14,Average,True,False,False,False,False
9.63,40.547,35.0,804.633,1.64,14.06,57.93,1001.463965,9.61,Average,False,False,True,False,False
9.99,39.143,38.0,799.671,1.77,14.09,58.05,999.7068215,9.86,Average,False,True,False,False,False
9.12,45.194,34.0,801.556,1.72,14.28,57.81,1000.951769,9.18,Average,False,False,False,False,True
9.48,54.443,18.0,796.736,1.7,14.37,56.82,999.3641033,9.65,Average,False,False,True,False,False
9.84,41.305,41.0,800.464,1.74,14.22,56.22,999.5887077,10.22,Average,False,True,False,False,False
11.01,39.645,41.0,801.685,1.68,14.26,54.77,1001.113699,11.62,Average,False,False,True,False,False
10.5,38.806,31.0,795.507,1.74,14.26,56.23,998.9350091,10.88,Average,False,False,False,True,False
8.97,49.042,41.0,801.757,1.78,14.57,59.89,1001.202716,8.93,Average,False,False,False,False,True
11.44,35.653,52.0,804.578,1.72,14.9,53.54,1000.290591,10.78,Low,False,False,True,False,False
9.48,33.917,33.0,793.947,1.89,14.3,58.02,999.2024284,9.29,Low,False,True,False,False,False
10.72,48.497,23.0,802.93,1.68,14.04,58.42,1000.449556,10.11,Average,False,False,False,True,False
9.92,40.375,59.0,801.6,1.66,14.15,59.43,1001.006761,9.67,Average,False,False,False,True,False
10.5,36.361,36.0,799.803,1.73,14.13,57.96,998.7629797,10.54,Average,False,True,False,False,False
9.84,44.417,50.0,800.317,1.72,14.15,56.2,999.4051139,10.25,Average,False,False,True,False,False
10.35,39.188,24.0,803.75,1.74,14.3,56.04,1000.365405,10.96,Average,False,False,False,True,False
10.79,32.696,35.0,798.585,1.68,14.52,54.85,999.4573036,10.17,Average,True,False,False,False,False
11.95,21.125,40.0,799.285,1.87,14.59,52.04,1001.445952,11.72,Low,False,False,False,False,True
10.21,38.081,40.0,807.419,1.73,14.11,57.81,1000.51127,9.53,Average,False,False,False,True,False
9.99,26.649,43.0,802.411,1.77,14.37,56.79,999.8033541,9.43,Low,False,False,False,True,False
10.06,37.917,57.0,800.237,1.73,14.59,57.61,1000.414351,10.38,Average,False,False,False,False,True
10.06,40.645,55.0,801.549,1.76,14.37,56.63,999.8350506,9.78,Average,False,False,False,False,True
10.79,41.269,22.0,805.066,1.71,14.5,55.27,1000.897575,10.9,Average,True,False,False,False,False
11.66,27.595,40.970511708586294,796.555,1.72,14.15,53.72,999.1374913,11.21,Average,True,False,False,False,False
11.22,48.106,36.0,797.861,1.67,14.17,55.53,999.6619097,11.75,Average,False,True,False,False,False
8.61,59.916,43.0,801.1,1.69,14.39,59.35,1000.382648,9.15,Average,False,False,True,False,False
10.86,43.512,19.0,806.82,1.79,14.46,56.39,999.7691773,10.44,Average,False,False,True,False,False
11.44,22.809,49.0,802.116,1.81,14.94,53.43,1000.542662,11.95,Low,False,False,False,False,True
10.5,46.259,25.0,797.453,1.68,14.85,56.25,999.1508418,10.74,Average,False,False,False,True,False
10.21,37.01,49.0,808.152,1.55,14.11,57.58,1000.318808,9.63,Low,False,False,False,True,False
9.92,40.816,51.0,805.667,1.76,14.57,57.99,999.4386596,9.56,Low,True,False,False,False,False
9.99,42.875,60.0,798.745,1.78,14.17,56.74,1001.884179,9.34,Average,False,False,False,False,True
9.48,61.061,50.0,800.771,1.76,14.13,57.7,999.9721525,9.64,Average,False,False,False,True,False
9.48,44.676,57.0,808.379,1.74,14.15,59.27,999.5021869,8.99,Average,False,True,False,False,False
11.66,38.078,26.0,804.85,1.73,14.74,52.9,999.5265455,11.54,Low,False,False,True,False,False
10.21,49.792,25.0,801.42,1.78,14.26,55.39,999.6743562,10.71,Low,False,False,False,False,True
10.64,50.309,48.0,804.079,1.77,14.06,56.94,999.6705087,10.65,Average,False,False,True,False,False
10.06,25.893,19.0,801.795,1.79,14.9,56.08,1000.142396,9.82,Low,False,False,False,True,False
11.51,55.157,49.0,801.82,1.72,14.11,54.47,999.0665026,10.82,Average,True,False,False,False,False
9.19,49.746,50.0,801.684,1.73,14.22,58.85,1000.003715,9.92,Average,False,False,True,False,False
11.08,42.312,43.0,801.675,1.71,14.02,55.55,1001.101019,10.32,Average,False,False,False,True,False
10.28,31.623,32.0,802.087,1.89,14.24,57.44,1000.506863,10.05,Low,False,True,False,False,False
10.13,39.825,51.0,795.566,1.68,14.41,58.9,1001.24021,9.84,Average,True,False,False,False,False
10.64,40.281,59.0,801.168,1.74,14.22,56.84,1000.467083,11.23,Average,False,True,False,False,False
10.93,39.652,44.0,798.437,1.92,14.85,54.83,1000.384083,11.44,Average,False,False,False,False,True
11.01,32.525,49.0,801.451,1.81,14.13,55.67,999.7127311,11.52,Low,False,True,False,False,False
10.35,36.849,31.0,801.51,1.7,14.41,56.91,1000.8948,10.4,Average,False,True,False,False,False
11.22,39.708,29.0,791.797,1.68,14.33,56.32,999.8480386,10.71,Average,False,False,False,False,True
10.79,37.593,37.0,799.866,1.77,14.09,57.85,1001.061389,10.26,Average,False,True,False,False,False
10.64,40.447,34.0,800.515,1.65,14.22,57.2,998.5455846,10.3,Average,True,False,False,False,False
9.33,50.113,42.0,801.331,1.79,14.2,58.11,1000.671716,9.28,Low,True,False,False,False,False
12.31,26.284,24.0,800.35,1.74,14.41,54.53,998.3397395,11.65,Low,False,False,False,True,False
11.01,40.279,42.0,798.567,1.85,13.95,54.23,1001.660835,11.19,Low,False,True,False,False,False
10.5,39.687,26.0,803.044,1.77,14.52,54.91,1001.700558,10.98,Average,False,True,False,False,False
9.41,53.956,21.0,796.662,1.76,14.7,59.2,999.2716492,8.92,Average,False,True,False,False,False
10.21,38.7,48.0,797.045,1.74,14.06,57.63,999.7520888,10.08,Average,True,False,False,False,False
9.55,41.383,39.0,801.092,1.75,14.35,57.65,999.265232,9.58,Average,False,False,False,True,False
9.7,44.511,23.0,800.833,1.71,14.3,56.96,1000.049658,9.4,Average,True,False,False,False,False
9.55,48.063,49.0,800.897,1.86,14.17,59.38,1000.129189,9.31,Low,False,True,False,False,False
11.37,32.135,60.0,801.875,1.78,14.13,56.35,999.1354042,10.66,Average,False,False,False,True,False
9.84,36.842,41.0,802.091,1.85,14.22,58.19,1001.619696,9.32,Low,True,False,False,False,False
9.63,41.574,49.0,801.222,1.74,14.06,57.4,1001.645548,10.03,Average,False,True,False,False,False
10.86,39.596,55.0,805.169,1.71,14.22,55.69,999.9228301,11.53,Average,True,False,False,False,False
10.35,61.955,28.0,797.229,1.69,14.37,57.82,998.8696706,10.66,Average,False,False,False,False,True
9.33,27.5,37.0,797.9,1.74,14.13,59.81,1000.823807,9.59,Average,False,False,True,False,False
9.26,43.668,22.0,799.942,1.65,14.17,58.85,998.9372619,9.43,Average,False,False,False,True,False
10.86,41.253,49.0,801.493,1.75,14.79,54.43,999.7656738,11.39,Low,False,True,False,False,False
12.1,30.134,47.0,804.906,1.9,14.41,51.89,999.595906,12.1,Low,False,True,False,False,False
10.42,50.225,50.0,800.461,1.66,14.15,58.06,999.5845416,10.23,Average,False,False,False,False,True
9.48,53.117,50.0,800.888,1.79,14.2,57.4,999.010535,9.88,Low,True,False,False,False,False
9.99,39.217,46.0,803.326,1.65,14.33,57.84,998.7350129,9.95,Average,False,False,False,False,True
11.01,39.091,40.0,802.834,1.9,14.06,55.79,1000.330923,11.21,Low,False,False,False,False,True
10.06,23.047,47.0,804.541,1.75,14.24,57.55,1001.350493,9.59,Average,False,False,True,False,False
10.57,39.744,47.0,797.149,1.75,14.77,55.34,998.7702836,10.46,Low,False,False,False,False,True
9.41,39.751,60.0,800.727,1.8,14.37,58.88,999.9169162,9.68,Average,True,False,False,False,False
11.08,39.796,45.0,797.972,1.75,14.04,56.42,999.8013914,10.97,Average,True,False,False,False,False
9.12,40.03,41.0,803.687,1.71,14.48,60.15,1001.393496,8.61,Average,False,False,True,False,False
10.79,39.383,27.0,802.927,1.7,14.11,55.62,999.3407559,11.29,Average,True,False,False,False,False
11.01,31.183,49.0,793.415,1.7,14.37,55.47,998.53374,11.45,Low,False,False,False,True,False
10.64,43.252,38.0,801.913,1.7,14.33,57.23,1000.28968,10.45,Average,True,False,False,False,False
10.5,30.505,45.0,805.671,1.73,14.44,56.02,1000.545414,9.87,Low,True,False,False,False,False
10.5,44.871,45.0,805.045,1.68,14.39,55.8,998.6670249,10.96,Average,False,False,False,True,False
10.13,37.659,34.0,800.908,1.74,14.7,56.18,999.0355793,10.79,Low,True,False,False,False,False
9.48,47.932,61.0,797.954,1.72,14.83,59.73,999.7787216,9.14,Low,True,False,False,False,False
10.42,45.731,55.0,804.854,1.77,14.11,57.37,1000.633968,10.19,Average,False,False,False,False,True
10.21,40.592,46.0,803.93,1.7,14.17,59.27,998.3835382,9.59,Average,False,False,False,True,False
9.99,13.327,21.0,797.185,1.7,14.22,58.84,999.9267654,9.95,Average,False,False,True,False,False
10.93,52.522,52.0,802.662,1.78,14.55,54.04,1001.22315,11.26,Average,False,True,False,False,False
9.41,43.473,17.0,804.215,1.75,14.11,57.37,999.8400536,9.39,Average,False,False,True,False,False
9.99,49.018,59.0,796.963,1.71,14.09,56.97,999.6486152,10.31,Average,False,False,True,False,False
10.13,44.372,27.0,796.891,1.74,14.44,58.18,998.4470792,10.37,Average,False,True,False,False,False
10.42,49.454,34.0,795.648,1.69,13.98,56.51,999.1112246,10.48,Average,False,False,False,False,True
11.51,30.858,47.0,803.252,1.7,14.11,55.92,999.7453407,11.53,Low,False,False,False,False,True
10.93,43.201,36.0,803.252,1.74,14.33,54.97,999.7457757,10.95,Average,False,False,True,False,False
9.99,34.164,43.0,802.583,1.72,14.94,55.64,1000.017445,10.63,Average,True,False,False,False,False
10.35,46.667,44.0,806.112,1.76,14.2,57.25,998.8913859,10.44,Average,False,True,False,False,False
10.93,35.739,62.0,803.408,1.68,14.11,56.65,999.9403514,11.42,Average,False,False,True,False,False
10.28,32.608,18.0,801.389,1.87,14.46,55.58,1000.74337,10.26,Average,False,False,False,True,False
10.21,23.143,51.0,802.016,1.77,14.94,54.8,999.3109624,10.73,Low,True,False,False,False,False
9.99,47.243,25.0,799.298,1.74,14.52,56.37,1000.34998,9.92,Average,False,True,False,False,False
10.86,36.548,34.0,800.578,1.69,14.26,56.41,1000.84081,10.99,Average,False,True,False,False,False
9.33,36.584,35.0,802.827,1.75,14.24,58.69,999.2169915,9.46,Average,False,False,False,False,True
10.28,49.099,39.0,796.601,1.7,14.3,58.03,999.1946423,9.63,Average,False,True,False,False,False
9.99,42.063,48.0,795.857,1.72,14.17,57.5,999.3735473,9.7,Average,False,False,False,True,False
12.46,25.95,18.0,801.724,1.89,14.2,54.85,998.9475621,11.56,Low,False,True,False,False,False
11.08,45.268,59.0,802.776,1.68,14.06,56.15,999.1527878,10.84,Average,False,False,False,False,True
8.9,33.362,34.0,801.417,2.02,14.06,61.17,1000.778907,8.68,Low,False,True,False,False,False
11.08,41.389,36.0,796.091,1.69,14.0,54.51,999.6679955,11.16,Average,True,False,False,False,False
9.77,43.757,60.0,795.494,1.65,14.41,58.35,1001.149563,9.38,Average,False,False,False,True,False
11.15,34.436,51.0,801.827,1.79,14.09,56.28,1000.181785,11.39,Low,False,False,False,False,True
12.46,24.042,50.0,797.947,1.87,14.04,51.85,998.6586336,11.94,Low,False,False,True,False,False
11.51,38.446,25.0,801.08,1.75,14.35,55.09,1000.357197,12.04,Average,False,False,False,True,False
9.84,40.604,35.0,801.784,1.67,14.26,55.76,1000.128157,10.56,Low,False,False,False,False,True
10.13,48.487,33.0,799.554,1.75,14.13,57.26,999.5603941,10.19,Average,False,False,False,True,False
9.63,30.404,41.0,803.037,1.73,14.09,58.62,1000.583062,10.26,Average,False,False,False,True,False
11.37,28.673,49.0,798.188,1.69,14.22,54.91,1000.071582,11.73,Average,False,False,True,False,False
11.01,33.553,61.0,798.256,1.68,14.55,55.81,999.0456902,11.33,Low,False,False,False,False,True
10.21,40.007,39.0,799.225,1.75,14.39,58.65,999.1487973,9.56,Average,True,False,False,False,False
9.33,52.813,50.0,801.467,1.65,14.17,59.48,999.73302,10.12,Average,True,False,False,False,False
11.73,39.344,48.0,800.694,1.72,14.39,55.13,999.8762855,11.73,Low,False,False,False,True,False
10.21,36.652,47.0,802.368,1.66,14.68,57.98,999.7504527,10.4,Average,False,False,True,False,False
10.06,37.828,42.0,800.95,1.72,14.59,55.4,1000.194804,10.69,Low,False,False,True,False,False
9.99,58.19,58.0,800.781,1.84,14.48,56.9,998.8777141,10.23,Low,False,False,False,False,True
10.28,42.645,29.0,800.647,1.75,14.2,55.55,999.8169054,10.38,Average,True,False,False,False,False
9.7,33.463,40.970511708586294,803.906,1.75,14.35,55.97,1000.559628,10.41,Low,False,True,False,False,False
9.41,40.986,28.0,800.899,1.77,14.26,59.48,1001.241263,9.11,Low,False,True,False,False,False
11.81,37.73,58.0,799.969,1.8,14.46,54.09,998.9703042,12.09,Low,False,False,True,False,False
10.42,47.788,33.0,799.59,1.9,14.35,57.34,999.6046307,10.74,Low,False,False,True,False,False
8.83,38.854,43.0,799.208,1.77,14.55,60.84,1000.237172,8.4,Average,False,False,False,True,False
10.86,45.242,59.0,804.144,1.74,13.98,55.98,999.7508771,10.38,Low,False,False,True,False,False
11.15,41.769,60.0,794.323,1.75,14.09,55.99,998.5601818,11.73,Average,False,False,False,False,True
9.12,35.663,48.0,801.248,1.73,14.15,60.6,999.4591708,8.68,Average,False,False,False,False,True
9.55,33.516,34.0,796.903,1.75,14.26,57.95,999.5734308,9.55,Average,False,True,False,False,False
9.41,43.698,54.0,805.464,1.82,14.02,57.95,1000.288435,9.98,Low,False,False,False,False,True
10.64,41.053,34.0,797.058,1.67,14.24,54.86,999.7675475,10.94,Average,False,True,False,False,False
10.72,43.538,27.0,800.162,1.71,14.59,56.48,999.2116276,10.39,Average,False,False,True,False,False
10.72,41.986,28.0,801.893,1.74,14.17,57.07,1000.264161,10.93,Average,False,False,False,True,False
10.21,47.418,45.0,797.755,1.79,14.28,56.4,999.529145,10.74,Average,False,False,True,False,False
9.92,43.888,43.0,798.263,1.51,14.24,57.68,1000.1662,9.99,Average,True,False,False,False,False
9.84,44.255,40.970511708586294,800.132,1.79,14.28,56.5,1000.282945,10.09,Average,False,True,False,False,False
10.28,31.357,45.0,799.035,1.75,14.28,56.47,1000.020476,9.6,Low,False,False,False,True,False
10.21,44.514,57.0,805.054,1.68,14.15,56.05,1000.882701,10.29,Average,False,False,False,True,False
10.21,44.675,34.0,796.926,1.72,14.46,57.64,998.4903444,10.59,Low,False,False,False,False,True
9.04,35.095,34.0,800.043,1.7,14.17,61.01,1000.171725,8.49,Average,True,False,False,False,False
9.84,44.417,50.0,800.317,1.72,14.15,56.2,999.4051139,10.25,Average,False,False,True,False,False
12.1,39.467,51.0,803.473,1.73,13.95,53.58,1000.020545,11.29,Average,False,True,False,False,False
10.21,68.769,42.0,799.436,1.88,14.24,58.57,999.4122823,9.98,Low,False,False,True,False,False
10.21,44.607,56.0,799.737,1.73,14.02,56.94,999.7884026,10.26,Average,False,False,True,False,False
11.51,40.019,43.0,801.414,1.72,14.0,53.12,1000.774619,11.69,Average,False,False,False,True,False
9.63,55.537,57.0,796.716,1.67,14.2,56.81,1000.452751,10.16,Low,True,False,False,False,False
10.06,34.896,64.0,799.891,1.73,14.17,55.74,999.9812928,10.62,Average,False,False,True,False,False
12.24,19.964,55.0,802.888,1.8,14.74,53.78,1001.50563,12.09,High,False,False,False,False,True
8.9,47.687,32.0,796.815,1.79,14.17,60.52,999.4633177,9.44,Average,True,False,False,False,False
11.3,36.495,21.0,803.065,1.76,14.13,54.75,999.5124158,11.23,Average,False,False,False,True,False
10.79,36.457,54.0,805.927,1.76,14.09,56.16,1000.864106,10.71,Average,True,False,False,False,False
11.01,51.404,60.0,803.458,1.74,14.33,55.86,1000.002373,11.5,Average,False,False,False,False,True
11.15,24.293,41.0,803.46,1.79,14.2,55.88,1000.004809,10.96,Average,True,False,False,False,False
10.06,54.003,39.0,799.411,1.71,14.13,59.31,1000.491689,9.57,Average,False,False,True,False,False
9.92,55.653,51.0,790.15,1.64,14.04,56.95,998.8873295,10.58,Low,True,False,False,False,False
10.57,33.43,42.0,801.88,1.71,14.41,56.1,999.1413813,10.4,Average,False,False,False,True,False
11.51,30.673,53.0,800.386,1.94,14.39,53.66,999.4907699,12.06,Low,False,True,False,False,False
11.59,27.834,56.0,808.111,1.73,14.13,54.68,999.1700775,11.63,Average,False,False,False,True,False
10.35,46.202,50.0,804.916,1.73,14.3,56.89,999.6081835,9.96,Average,False,True,False,False,False
9.7,33.987,52.0,801.281,1.75,14.0,57.11,1000.609217,10.0,Average,False,False,False,False,True
9.33,33.856,38.0,800.379,1.75,14.35,57.31,999.4829309,10.13,Average,False,False,True,False,False
12.46,23.724,44.0,804.547,1.8,14.41,52.24,999.1493469,11.95,Low,True,False,False,False,False
9.33,43.615,46.0,802.229,1.73,14.2,58.79,999.5767431,9.96,Average,False,False,False,True,False
11.01,48.562,51.0,803.644,1.77,14.3,57.42,999.1303097,10.39,Average,False,False,False,False,True
11.73,29.483,40.0,809.872,1.9,14.68,54.55,1001.347527,11.03,Low,True,False,False,False,False
10.57,38.5,60.0,800.671,1.77,14.87,56.7,999.8472564,10.89,Low,False,True,False,False,False
10.5,44.159,27.0,797.413,1.76,14.44,55.59,1000.212599,11.02,Average,True,False,False,False,False
10.79,45.652,21.0,794.404,1.76,14.37,57.41,999.7778808,10.57,Average,True,False,False,False,False
9.55,43.934,44.0,800.572,1.72,14.09,58.05,1001.944771,9.17,Average,False,True,False,False,False
9.99,34.052,36.0,803.37,1.72,14.13,57.57,999.8931322,9.84,Average,False,False,False,True,False
11.51,45.167,52.0,803.442,1.74,14.55,54.8,1001.088193,11.52,Average,False,True,False,False,False
9.92,58.03,59.0,791.245,1.68,14.17,58.13,998.0316307,10.54,Average,False,True,False,False,False
9.99,54.112,55.0,793.434,1.59,14.04,58.12,999.6746481,9.57,Average,False,False,False,False,True
11.51,28.451,42.0,801.228,1.69,14.24,54.42,1001.652573,11.27,Low,False,False,False,True,False
10.64,55.766,46.0,802.851,1.69,14.13,57.43,998.1437377,10.21,Average,False,True,False,False,False
10.28,45.488,58.0,803.96,1.89,14.48,56.58,1000.626295,9.69,Low,True,False,False,False,False
10.5,39.507,43.0,797.244,1.68,14.37,56.7,998.8896139,10.06,High,False,False,True,False,False
10.79,39.748,60.0,800.746,1.74,14.35,55.74,998.8333838,11.32,Average,False,False,False,True,False
11.44,45.436,49.0,800.458,1.77,14.02,55.59,999.5807422,10.65,Average,False,False,False,False,True
8.68,51.382,34.0,805.584,1.67,14.44,59.2,998.2366258,8.66,Average,False,False,True,False,False
9.7,42.874,26.0,803.91,1.76,14.22,57.25,1001.671098,9.79,Average,False,False,False,True,False
10.06,38.688,49.0,801.406,1.83,14.28,55.81,1000.764812,10.79,Average,False,True,False,False,False
11.15,39.205,36.0,797.32,1.78,14.24,54.67,1000.096669,10.71,Average,False,False,False,False,True
10.21,32.657,48.0,798.685,1.86,14.04,58.06,998.4740562,9.6,Low,True,False,False,False,False
10.13,58.993,36.0,802.293,1.74,14.5,56.42,999.6567938,10.21,Average,False,True,False,False,False
12.24,21.252,39.0,803.865,1.91,14.22,52.76,999.4051286,12.26,Low,False,False,False,False,True
9.92,28.393,51.0,800.407,1.68,14.52,57.38,1000.626403,10.06,Low,False,False,False,True,False
10.79,38.374,34.0,803.666,1.71,14.22,55.77,999.1567189,10.42,Average,False,True,False,False,False
10.64,30.405,56.0,799.494,1.72,14.2,56.64,999.4853733,11.19,Low,True,False,False,False,False
9.12,31.756,49.0,795.569,1.61,14.17,58.47,999.0118581,9.09,Average,False,True,False,False,False
10.79,35.805,45.0,799.711,1.69,14.09,55.19,999.7569147,10.52,Average,False,False,False,False,True
9.41,45.052,49.0,802.197,1.71,14.35,57.98,1000.643427,10.2,Average,False,False,False,True,False
9.55,52.652,53.0,806.195,1.92,14.26,59.85,1001.196116,9.31,Low,False,False,False,False,True
9.48,40.23,43.0,798.744,1.85,14.28,59.37,998.5470963,9.52,Low,False,True,False,False,False
9.7,28.385,51.0,792.604,1.69,14.2,57.36,998.6277132,10.07,Average,False,False,False,True,False
10.13,27.251,55.0,802.521,1.85,14.02,58.27,998.8363659,9.91,Low,True,False,False,False,False
10.21,36.311,51.0,796.027,1.65,14.06,57.27,998.4743919,10.56,Average,False,False,True,False,False
11.08,50.814,53.0,800.765,1.68,14.13,54.18,999.9646442,11.0,Average,False,False,False,False,True
10.06,38.87,59.0,801.318,1.87,14.11,58.25,1000.654707,10.36,Low,False,False,False,True,False
11.73,25.18,44.0,797.273,1.79,14.41,53.38,1001.151941,11.02,Low,True,False,False,False,False
8.9,50.618,40.970511708586294,802.06,1.65,13.98,59.21,1000.472399,9.47,Average,False,False,True,False,False
12.17,29.218,36.0,798.206,1.83,14.44,51.4,998.9828488,12.18,Average,False,True,False,False,False
10.35,47.599,40.0,801.909,1.73,14.5,56.49,1001.392408,9.95,Average,True,False,False,False,False
10.35,49.172,41.0,801.479,1.74,14.24,57.41,999.7480314,9.71,Average,False,False,True,False,False
11.22,42.804,28.0,800.495,1.8,14.26,54.22,999.6276402,11.79,Average,True,False,False,False,False
10.13,35.612,41.0,802.878,1.76,14.15,57.1,1001.492709,10.06,Average,False,False,False,True,False
11.22,48.106,36.0,797.861,1.67,14.17,55.53,999.6619097,11.75,Average,False,True,False,False,False
10.72,55.544,32.0,796.729,1.68,14.63,55.05,999.3551023,10.88,Average,True,False,False,False,False
9.7,15.396,22.0,801.843,1.89,14.39,58.89,1001.311,9.43,Low,False,False,True,False,False
9.84,35.103,44.0,804.558,1.72,14.13,58.43,1000.266045,10.24,Average,False,True,False,False,False
10.06,28.144,45.0,796.568,1.76,14.13,59.3,998.0422768,9.72,Average,False,False,False,False,True
10.28,38.427,55.0,792.543,1.75,14.66,55.89,1000.789994,10.35,Average,False,False,True,False,False
11.44,26.569,56.0,798.594,1.68,14.3,55.58,999.4684028,11.06,Low,False,False,True,False,False
10.93,40.5,46.0,796.285,1.64,14.85,55.99,999.9120211,10.47,Low,True,False,False,False,False
9.77,44.101,56.0,796.725,1.69,14.22,57.65,1001.580149,10.05,Average,False,False,True,False,False
9.19,43.971,60.0,795.419,1.85,14.09,60.42,999.9386827,9.15,Low,False,False,False,False,True
11.3,37.7,39.0,794.506,1.66,14.15,53.38,999.90641,11.71,Average,True,False,False,False,False
10.35,42.118,28.0,805.001,1.66,14.68,58.18,999.7141047,9.8,Average,False,False,True,False,False
10.42,36.013,40.0,799.202,1.84,14.2,57.22,1001.342694,10.15,Low,True,False,False,False,False
11.22,41.28,40.970511708586294,805.006,1.8,14.92,54.71,1001.928271,10.48,Average,False,False,False,False,True
10.57,39.827,38.0,809.136,1.71,14.02,55.52,1000.437682,10.91,Average,False,True,False,False,False
10.57,45.349,41.0,802.101,1.63,14.17,56.32,1000.523616,10.15,Average,False,False,False,False,True
12.02,17.105,35.0,802.433,1.84,14.61,54.78,998.7268779,11.33,Low,False,False,True,False,False
11.15,33.807,37.0,800.796,1.85,14.92,52.87,1001.113038,11.72,Average,False,False,False,True,False
11.22,33.176,48.0,802.724,1.77,14.81,55.15,1000.192928,10.73,Low,True,False,False,False,False
11.15,43.999,36.0,799.684,1.67,14.24,56.21,1000.833292,11.73,Low,False,True,False,False,False
12.39,18.763,33.0,794.356,1.89,14.37,53.47,999.7171451,11.59,Low,False,False,False,True,False
11.37,33.221,28.0,800.781,1.73,14.11,54.43,998.8768946,10.72,Average,False,True,False,False,False
10.35,27.629,28.0,803.329,1.88,14.3,56.4,999.8413944,10.84,Average,False,False,False,True,False
9.19,44.966,45.0,791.019,1.71,14.24,59.36,999.9861855,9.91,Average,True,False,False,False,False
10.06,48.648,43.0,798.722,1.63,14.02,56.61,999.6296857,10.2,Average,True,False,False,False,False
9.84,37.775,40.970511708586294,801.441,1.8,14.09,58.94,999.7000358,9.62,Low,False,False,True,False,False
9.92,40.135,44.0,800.668,1.72,14.26,56.17,1000.953049,10.58,High,False,False,False,False,True
9.99,44.5,55.0,800.93,1.76,14.26,57.63,1000.169943,9.93,Average,False,False,False,False,True
10.42,35.029,61.0,801.491,1.87,14.22,56.16,998.656954,10.74,Low,False,False,False,False,True
10.28,35.62,49.0,802.633,1.72,14.74,57.91,1000.079716,9.87,Low,False,False,False,False,True
9.26,66.512,40.970511708586294,800.224,1.73,14.06,58.28,999.2884577,9.1,Average,False,False,False,True,False
9.48,45.173,33.0,792.026,1.68,14.17,59.85,999.0170218,9.8,Low,False,False,False,True,False
10.93,41.013,39.0,800.135,1.92,14.26,54.57,1000.286024,10.45,Low,False,False,False,False,True
9.63,38.951,29.0,798.223,1.69,14.24,59.2,1000.115769,9.55,Average,False,False,False,True,False
12.24,20.972,61.0,799.811,1.74,14.37,54.29,999.8810639,12.1,Low,False,False,True,False,False
9.48,45.976,60.0,798.474,1.85,14.04,57.6,999.3188028,10.22,Low,True,False,False,False,False
9.92,43.616,16.0,799.363,1.81,14.15,57.26,998.2130093,9.45,Average,False,False,True,False,False
10.42,55.409,58.0,800.285,1.9,14.06,55.47,998.2587807,11.12,Low,False,True,False,False,False
10.5,33.311,37.0,797.273,1.78,14.79,54.44,1001.152227,11.04,Low,False,False,False,True,False
10.93,41.928,37.0,800.165,1.75,14.15,56.43,999.2148256,11.22,Average,False,False,False,False,True
10.42,40.881,53.0,799.805,1.73,14.17,58.37,998.7661131,9.85,Average,True,False,False,False,False
9.48,38.891,32.0,801.597,1.64,14.5,57.8,999.8952423,9.95,Average,False,True,False,False,False
12.24,14.089,42.0,800.231,1.78,14.3,54.93,1000.406202,11.5,Low,False,True,False,False,False
10.28,35.309,17.0,801.543,1.74,14.22,55.21,999.8271361,10.72,Average,False,False,False,False,True
9.7,50.682,50.0,802.386,1.91,14.28,57.72,1000.879658,10.36,Low,False,True,False,False,False
10.86,38.812,51.0,805.185,1.8,14.22,56.88,999.9425089,10.36,Low,False,False,False,False,True
9.77,41.739,26.0,803.523,1.75,14.15,58.51,1000.083491,10.14,Average,False,False,True,False,False
9.41,47.748,36.0,793.143,1.72,14.17,59.07,1000.425566,9.81,Average,True,False,False,False,False
10.64,49.711,39.0,791.124,1.64,14.04,55.43,998.9983835,10.48,Average,False,False,True,False,False
11.44,30.383,58.0,800.712,1.82,14.04,55.27,998.7916298,10.9,Average,False,False,True,False,False
9.41,46.852,33.0,796.272,1.69,14.39,59.8,998.7813888,9.61,Average,False,False,False,True,False
10.64,43.917,38.0,799.557,1.79,14.06,57.61,1001.787605,10.25,Average,False,False,False,False,True
9.7,29.866,46.0,797.502,1.84,14.37,58.71,998.1020937,10.21,Low,False,True,False,False,False
9.99,43.443,25.0,799.037,1.75,14.24,58.05,1000.022859,9.84,Average,True,False,False,False,False
9.55,38.057,39.0,797.653,1.79,14.28,56.98,1000.513655,9.78,Average,False,False,False,False,True
10.21,42.845,38.0,795.735,1.81,14.17,58.63,999.2204862,9.57,Low,False,False,False,True,False
9.12,47.732,46.0,801.973,1.93,14.15,60.49,1000.363694,8.58,Low,False,True,False,False,False
10.5,40.456,35.0,798.461,1.71,14.13,57.84,999.302302,10.05,High,False,True,False,False,False
10.06,37.619,34.0,800.545,1.73,14.28,58.26,999.689778,9.73,High,False,True,False,False,False
9.92,37.629,57.0,799.261,1.68,14.15,57.1,1000.304124,9.99,Average,True,False,False,False,False
9.33,55.724,38.0,800.201,1.65,14.59,58.17,1000.369266,9.37,Average,False,False,True,False,False
9.55,56.881,50.0,800.111,1.79,14.11,58.18,1001.367822,9.45,Average,False,True,False,False,False
10.21,52.565,36.0,799.792,1.72,14.13,55.85,998.7498331,10.41,Average,True,False,False,False,False
9.84,46.703,59.0,791.983,2.0,14.13,57.79,1001.204416,10.16,Low,True,False,False,False,False
11.51,38.067,44.0,802.693,1.67,14.09,55.53,1000.155334,12.1,Low,False,False,False,False,True
9.41,32.009,24.0,800.388,1.78,14.06,58.44,998.3865848,9.54,Average,False,False,False,False,True
11.73,43.571,27.0,806.665,1.67,14.44,55.91,1000.677008,11.17,Average,True,False,False,False,False
11.88,27.546,60.0,804.782,1.88,13.98,54.42,999.4415551,12.39,Low,False,False,True,False,False
10.28,39.925,27.0,802.692,1.78,14.26,55.82,1000.153034,10.33,Average,False,False,True,False,False
11.08,37.884,40.0,803.098,1.86,14.17,55.01,1001.767508,11.27,Low,False,False,False,True,False
10.06,40.266,57.0,798.582,1.7,14.3,59.08,1000.56574,9.55,Average,False,False,False,True,False
10.21,47.429,50.0,804.267,1.82,14.17,56.7,1001.0086,9.69,Low,False,False,False,False,True
10.06,45.097,43.0,796.192,1.76,14.11,57.56,999.7940861,9.61,Average,False,False,False,False,True
9.92,38.368,25.0,800.702,1.85,14.15,57.56,1000.995498,10.23,Low,False,False,False,True,False
9.19,54.424,34.0,797.032,1.73,14.17,60.83,998.6237741,8.94,Average,False,True,False,False,False
8.75,44.912,30.0,799.838,1.94,14.02,59.23,998.806435,8.77,Low,False,False,False,False,True
10.42,41.489,50.0,803.652,1.73,14.22,56.16,999.1394165,10.75,Average,False,False,False,True,False
10.21,30.693,57.0,795.634,1.71,14.33,56.13,999.0938785,10.35,Average,False,True,False,False,False
10.06,46.326,44.0,800.495,1.68,14.26,58.83,1000.736517,9.43,Average,False,False,True,False,False
9.48,49.653,32.0,797.733,1.69,14.74,57.69,999.5013786,9.75,Low,True,False,False,False,False
11.01,36.166,39.0,798.655,1.73,14.13,56.6,999.5448528,11.42,Average,False,False,False,False,True
9.92,38.921,28.0,799.615,1.85,14.26,56.51,1000.747095,10.28,Low,False,True,False,False,False
10.5,29.816,23.0,795.372,1.79,14.06,55.86,999.8799567,10.44,Low,False,False,False,False,True
10.5,40.675,34.0,798.307,1.66,14.81,56.1,999.1094583,10.63,Low,False,False,False,True,False
10.42,43.271,57.0,804.285,1.82,14.79,56.03,999.9269562,10.64,Average,False,False,True,False,False
8.97,48.362,41.0,800.547,1.75,14.13,59.9,999.691638,9.32,Average,False,False,False,False,True
10.64,35.645,20.0,802.956,1.7,14.13,57.31,1000.482912,11.1,Average,False,False,True,False,False
9.33,46.202,51.0,795.879,1.77,14.2,57.78,999.4014561,9.9,Average,False,False,True,False,False
11.15,34.481,37.0,802.026,1.81,14.35,55.45,1001.538996,11.3,Low,False,True,False,False,False
10.21,35.194,54.0,794.544,1.69,14.33,56.56,1001.072589,10.17,Average,False,False,False,False,True
11.08,43.332,27.0,799.928,1.79,14.52,53.18,1000.027945,11.72,Average,True,False,False,False,False
11.44,28.739,52.0,801.886,1.76,14.22,54.81,1000.25548,10.99,Average,False,False,False,False,True
10.72,39.086,37.0,802.542,1.88,14.06,56.96,1001.073664,10.83,Low,False,False,True,False,False
8.9,65.795,59.0,800.326,1.54,14.35,58.01,1001.63694,9.33,Low,True,False,False,False,False
10.5,47.338,51.0,792.806,1.8,14.87,56.75,1000.000933,11.03,Low,True,False,False,False,False
9.48,50.927,42.0,805.338,1.91,14.09,58.57,999.0305515,10.22,Low,False,True,False,False,False
10.35,35.63,35.0,803.583,1.77,14.0,57.56,999.0534469,9.77,Average,False,False,False,False,True
12.24,37.693,37.0,803.239,1.75,13.95,54.26,998.6257033,12.43,Average,False,False,False,True,False
9.77,41.182,29.0,794.142,1.72,14.28,56.87,999.4489663,10.17,Average,False,False,True,False,False
9.84,32.983,45.0,798.404,1.61,14.09,57.12,999.2315839,9.79,Average,False,True,False,False,False
10.28,49.914,59.0,805.998,1.67,14.2,55.76,999.8495841,10.87,Average,False,True,False,False,False
9.99,43.969,44.0,799.42,1.71,14.09,58.8,999.3920392,9.35,Average,False,True,False,False,False
10.21,52.015,48.0,803.904,1.91,14.15,58.07,999.4529276,9.95,Low,False,False,False,False,True
9.99,44.252,62.0,799.203,1.87,14.04,57.8,1001.343356,10.65,Low,False,True,False,False,False
9.92,60.357,61.0,796.304,1.65,14.09,57.4,1001.051077,9.67,Average,False,True,False,False,False
10.93,30.252,50.0,807.535,1.72,14.3,56.75,1001.756544,10.93,Average,True,False,False,False,False
9.04,55.961,49.0,795.018,1.78,14.48,59.95,999.4344415,8.91,Average,False,True,False,False,False
10.21,45.39,33.0,799.091,1.86,14.5,56.12,1001.203322,9.92,Low,False,True,False,False,False
10.5,42.583,41.0,801.99,1.8,14.09,58.06,999.2789569,10.13,Low,False,False,False,True,False
10.28,45.353,40.0,796.868,1.77,14.13,57.29,1000.64404,10.82,Average,False,False,False,True,False
11.51,19.444,42.0,796.431,1.74,14.17,54.05,1000.095302,10.76,Average,False,False,True,False,False
9.84,41.127,40.0,804.137,1.7,14.06,59.48,999.7428091,9.87,Average,False,True,False,False,False
10.5,42.734,44.0,805.419,1.69,14.46,56.6,1000.232831,10.27,Average,False,False,True,False,False
11.15,37.523,40.0,799.506,1.81,14.74,54.51,999.500002,11.46,Low,False,True,False,False,False
10.13,42.903,35.0,801.143,1.72,14.11,58.01,999.3288523,10.15,Average,False,False,False,False,True
8.83,43.487,25.0,799.3,1.73,14.15,61.35,1000.352213,8.93,Average,False,False,False,False,True
9.63,50.896,46.0,798.657,1.69,14.24,57.59,999.5477521,9.73,Average,False,False,False,True,False
11.08,40.757,59.0,806.476,1.75,14.68,53.23,1000.442156,11.5,Low,False,False,False,True,False
11.95,39.654,37.0,801.962,1.78,14.3,54.99,999.2438957,11.33,Average,False,False,True,False,False
10.13,40.255,37.0,801.711,1.81,14.13,57.62,1000.037708,10.62,Low,False,False,True,False,False
8.97,54.158,44.0,800.088,1.67,14.11,61.36,1000.227972,8.49,Average,False,True,False,False,False
9.84,48.294,35.0,805.522,1.69,14.15,58.63,1000.361175,10.14,Average,False,True,False,False,False
10.64,39.48,25.0,804.189,1.77,14.04,54.44,1000.912476,11.15,Average,False,False,True,False,False
10.64,19.834,33.0,796.799,1.87,14.09,56.23,1000.557437,9.96,Low,False,False,False,False,True
10.42,32.413,25.0,800.395,1.94,14.52,58.34,1000.611109,9.76,Low,False,True,False,False,False
12.24,22.053,37.0,799.45,1.75,14.39,52.67,1000.539906,11.42,Low,False,True,False,False,False
9.26,36.241,52.0,800.639,1.74,14.72,58.8,999.8071917,9.9,Average,False,False,False,True,False
10.21,30.888,40.0,799.774,1.86,14.55,55.96,1000.945542,9.86,Low,False,False,False,True,False
9.26,57.956,40.970511708586294,801.222,1.73,14.11,57.09,1000.535133,10.03,Average,True,False,False,False,False
10.5,44.871,45.0,805.045,1.68,14.39,55.8,998.6670249,10.96,Average,False,False,False,True,False
9.41,34.95,57.0,801.703,1.88,14.44,58.87,998.92123,9.2,Low,False,True,False,False,False
9.48,53.592,28.0,805.686,1.86,14.11,57.43,1001.668821,10.22,Low,False,False,False,True,False
10.72,38.886,58.0,795.92,1.7,13.89,55.87,1000.568678,10.35,Average,True,False,False,False,False
9.92,51.951,44.0,805.478,1.71,14.17,56.67,1000.305777,10.6,Average,False,False,False,False,True
10.21,48.976,34.0,797.962,1.71,14.26,56.04,999.7886952,9.8,Average,False,False,True,False,False
8.68,52.062,54.0,796.287,2.01,14.17,60.25,999.9133424,9.23,Low,False,False,True,False,False
11.01,38.943,61.0,805.689,1.72,14.17,56.9,1000.568233,11.18,Average,False,False,False,False,True
10.72,44.035,42.0,792.33,1.72,14.17,56.0,999.4005989,10.51,Average,False,True,False,False,False
9.77,51.589,61.0,801.939,1.7,14.11,59.63,999.2148093,9.41,Low,False,False,False,False,True
11.66,30.559,45.0,799.463,1.73,14.15,54.03,1000.556356,12.04,Average,False,False,False,False,True
11.88,23.736,50.0,796.52,1.73,14.57,54.65,1000.206725,11.26,Low,False,False,False,True,False
8.97,52.927,44.0,800.675,1.7,14.3,60.93,999.8522746,8.59,Average,False,True,False,False,False
10.35,53.066,28.0,797.09,1.78,14.09,57.45,999.8084245,10.67,Average,True,False,False,False,False
11.15,42.542,31.0,803.449,1.74,14.94,56.26,1001.096904,10.72,Average,False,False,False,False,True
9.99,44.705,49.0,801.368,1.94,14.17,57.77,1000.717843,10.15,Low,False,False,False,True,False
10.72,35.209,56.0,802.052,1.76,14.79,55.59,1000.462168,10.91,Low,True,False,False,False,False
9.77,48.236,61.0,802.505,1.81,14.59,57.5,999.920276,9.37,Average,False,False,False,False,True
10.57,32.561,35.0,796.578,1.79,14.06,57.87,998.0544896,10.34,Low,False,False,True,False,False
10.79,46.209,34.0,802.985,1.83,14.13,56.22,1001.626035,10.77,Low,False,False,False,True,False
11.95,17.645,56.0,797.664,1.72,14.3,52.74,999.4155618,11.99,Low,True,False,False,False,False
9.84,45.364,48.0,800.563,1.75,14.39,56.94,1000.821599,9.38,Average,False,True,False,False,False
11.15,44.504,36.0,808.762,1.72,14.2,55.44,1001.074405,10.62,Average,False,False,False,False,True
12.39,26.191,47.0,803.168,1.87,14.26,53.84,999.6411666,12.11,Low,False,False,False,True,False
11.59,37.058,42.0,802.068,1.71,14.06,55.68,999.3765406,11.07,Average,False,False,True,False,False
10.86,37.444,57.0,798.184,1.69,14.41,55.36,1000.066979,11.51,Low,True,False,False,False,False
10.06,32.765,61.0,802.535,1.88,14.13,58.34,1001.064539,10.34,Low,False,False,False,True,False
9.84,43.538,42.0,799.348,1.68,13.95,57.08,998.1945261,10.13,Average,True,False,False,False,False
9.12,55.092,29.0,800.6,1.69,14.5,60.72,998.6519408,8.85,Average,False,False,False,False,True
12.46,22.542,52.0,801.102,1.76,14.35,54.51,1000.385585,11.65,Low,False,False,False,False,True
9.99,48.844,43.0,804.139,1.71,14.24,56.57,1001.95698,10.71,Average,False,True,False,False,False
9.92,57.875,48.0,802.938,1.74,14.28,58.64,1000.460113,9.41,Average,False,False,True,False,False
11.88,23.639,33.0,803.086,1.75,14.44,52.14,999.5391271,11.98,Low,False,False,True,False,False
10.21,50.523,39.0,798.004,1.77,14.57,57.43,999.840661,10.14,High,False,False,True,False,False
9.84,39.526,45.0,794.632,1.68,14.11,57.87,998.9487165,9.74,Average,False,False,False,True,False
10.42,39.431,26.0,800.301,1.73,14.06,56.88,999.3843349,9.83,Average,False,False,True,False,False
11.66,36.487,61.0,803.8,1.72,14.15,55.63,1000.428133,10.9,Average,False,False,False,True,False
12.31,31.976,22.0,795.433,1.81,14.55,52.75,999.9555429,12.47,Low,True,False,False,False,False
8.9,42.059,26.0,798.45,1.69,14.13,60.08,1000.400547,9.01,Average,False,False,False,True,False
10.13,47.697,40.970511708586294,803.015,1.68,14.83,55.47,1000.556261,10.53,Average,False,False,False,True,False
